pm10,so2,co,o3,no2,categori
32,2,16,33,9,BAIK
27,2,19,20,9,BAIK
22,2,16,15,6,BAIK
25,2,17,15,8,BAIK
30,3,22,19,11,BAIK
41,4,24,27,13,BAIK
34,5,23,26,12,BAIK
45,4,33,9,17,BAIK
28,5,29,10,12,BAIK
38,6,28,15,10,BAIK
35,5,33,17,17,BAIK
44,4,28,22,14,BAIK
38,4,29,24,15,BAIK
40,3,43,23,23,BAIK
36,4,27,23,13,BAIK
35,3,30,20,14,BAIK
43,5,42,19,24,BAIK
47,8,32,19,12,BAIK
32,5,25,26,10,BAIK
41,7,30,17,13,BAIK
50,4,30,23,12,BAIK
46,5,31,42,17,BAIK
50,8,31,39,14,BAIK
47,5,27,26,14,BAIK
41,5,26,14,10,BAIK
37,4,43,17,17,BAIK
34,4,31,23,16,BAIK
45,5,33,27,15,BAIK
44,8,37,41,19,BAIK
43,6,42,39,20,BAIK
40,5,25,45,13,BAIK
50,8,30,25,15,BAIK
37,5,22,15,10,BAIK
50,2,34,27,25,BAIK
40,10,33,33,12,BAIK
45,10,31,21,11,BAIK
38,11,30,42,13,BAIK
38,10,26,28,12,BAIK
36,9,22,27,10,BAIK
49,15,23,28,9,BAIK
50,17,29,22,12,BAIK
49,13,31,29,11,BAIK
48,15,31,22,10,BAIK
50,16,21,25,10,BAIK
48,12,19,47,25,BAIK
43,16,33,28,6,BAIK
39,12,40,34,26,BAIK
44,17,36,29,14,BAIK
45,15,25,33,17,BAIK
49,19,33,36,15,BAIK
47,19,32,44,21,BAIK
38,11,32,29,11,BAIK
25,11,18,50,17,BAIK
28,12,26,42,11,BAIK
36,13,34,42,22,BAIK
36,12,28,21,14,BAIK
31,14,26,49,16,BAIK
49,14,25,34,11,BAIK
37,14,30,39,15,BAIK
41,14,30,30,18,BAIK
32,15,20,46,11,BAIK
49,15,46,43,23,BAIK
48,18,31,40,17,BAIK
48,17,25,46,15,BAIK
37,15,48,32,18,BAIK
39,12,30,36,14,BAIK
33,14,18,25,8,BAIK
31,13,27,26,9,BAIK
49,14,30,26,12,BAIK
36,13,21,25,11,BAIK
22,13,19,23,8,BAIK
32,15,28,43,14,BAIK
40,18,23,31,9,BAIK
43,16,32,49,14,BAIK
28,17,26,29,12,BAIK
41,21,30,30,14,BAIK
45,31,34,38,14,BAIK
49,24,32,29,13,BAIK
31,15,34,25,6,BAIK
25,14,24,24,9,BAIK
25,14,23,22,6,BAIK
25,14,19,20,8,BAIK
28,14,23,19,11,BAIK
30,16,23,20,8,BAIK
25,13,20,21,8,BAIK
27,13,19,30,10,BAIK
34,16,22,30,10,BAIK
50,19,34,30,14,BAIK
36,19,27,22,14,BAIK
38,20,20,23,7,BAIK
33,15,27,20,9,BAIK
34,13,19,22,10,BAIK
33,17,26,20,11,BAIK
37,16,27,22,12,BAIK
29,14,34,17,13,BAIK
40,20,41,24,13,BAIK
39,18,23,48,12,BAIK
27,19,22,27,10,BAIK
38,15,23,35,12,BAIK
34,16,25,26,11,BAIK
36,18,24,22,8,BAIK
33,19,21,29,9,BAIK
35,15,15,47,10,BAIK
41,16,28,21,14,BAIK
34,17,19,26,11,BAIK
34,12,21,35,10,BAIK
28,11,30,42,16,BAIK
37,17,28,30,13,BAIK
46,18,24,31,11,BAIK
43,20,28,27,10,BAIK
49,16,28,34,14,BAIK
44,15,24,37,13,BAIK
39,15,26,32,15,BAIK
32,13,16,22,8,BAIK
32,14,20,36,10,BAIK
33,12,31,38,17,BAIK
42,13,31,33,14,BAIK
49,16,25,31,14,BAIK
50,13,39,42,21,BAIK
50,14,40,39,12,BAIK
44,23,27,37,13,BAIK
46,24,26,37,10,BAIK
42,20,24,37,11,BAIK
43,14,31,37,11,BAIK
24,14,23,33,10,BAIK
37,16,25,31,13,BAIK
30,14,22,19,8,BAIK
37,20,22,26,11,BAIK
49,18,29,32,11,BAIK
39,16,24,40,10,BAIK
41,16,27,33,12,BAIK
44,14,39,29,14,BAIK
29,15,21,30,16,BAIK
41,16,24,29,12,BAIK
39,17,28,44,11,BAIK
41,19,30,50,12,BAIK
41,12,39,42,13,BAIK
46,22,33,34,16,BAIK
36,18,24,39,13,BAIK
46,21,26,33,12,BAIK
42,17,24,46,13,BAIK
43,16,22,40,13,BAIK
46,15,23,42,12,BAIK
47,15,26,41,11,BAIK
39,14,24,29,12,BAIK
39,15,32,26,15,BAIK
39,16,29,22,12,BAIK
21,14,26,21,8,BAIK
28,15,21,34,7,BAIK
29,16,22,25,9,BAIK
32,18,27,26,13,BAIK
33,17,35,33,13,BAIK
30,14,24,23,6,BAIK
25,14,17,17,5,BAIK
27,14,20,30,9,BAIK
31,17,25,33,11,BAIK
32,17,26,30,14,BAIK
28,15,24,37,10,BAIK
46,17,25,45,11,BAIK
41,16,25,37,12,BAIK
31,13,20,38,8,BAIK
29,15,22,22,8,BAIK
25,15,22,22,7,BAIK
22,14,18,24,7,BAIK
22,14,22,27,10,BAIK
25,13,22,27,8,BAIK
23,13,19,28,9,BAIK
21,13,15,21,8,BAIK
21,13,16,20,6,BAIK
23,14,19,23,6,BAIK
25,14,21,21,7,BAIK
23,14,20,21,5,BAIK
24,15,24,25,6,BAIK
24,14,13,22,7,BAIK
26,15,23,25,9,BAIK
23,14,21,27,7,BAIK
25,14,19,23,6,BAIK
27,15,20,28,8,BAIK
40,18,24,44,12,BAIK
50,21,33,24,12,BAIK
39,16,23,42,9,BAIK
40,17,30,37,11,BAIK
39,18,26,47,12,BAIK
44,15,29,50,10,BAIK
48,19,18,48,7,BAIK
46,21,16,44,7,BAIK
43,14,21,46,8,BAIK
42,18,20,45,11,BAIK
33,20,22,41,8,BAIK
29,15,19,35,5,BAIK
34,18,22,39,8,BAIK
42,20,37,48,9,BAIK
36,26,24,48,11,BAIK
50,23,30,48,15,BAIK
33,17,23,36,6,BAIK
29,17,17,42,3,BAIK
29,17,19,40,5,BAIK
34,17,19,35,4,BAIK
30,17,14,42,8,BAIK
45,26,27,50,15,BAIK
21,34,40,36,18,BAIK
19,30,29,47,16,BAIK
44,27,28,41,14,BAIK
39,31,33,32,11,BAIK
49,39,33,29,10,BAIK
45,4,20,41,10,BAIK
45,5,30,33,10,BAIK
47,4,23,39,11,BAIK
40,4,26,39,14,BAIK
38,3,20,37,10,BAIK
31,2,15,28,7,BAIK
35,4,21,34,8,BAIK
40,2,28,32,10,BAIK
41,2,29,33,14,BAIK
44,1,28,50,11,BAIK
45,2,33,45,15,BAIK
44,2,32,39,12,BAIK
50,2,25,43,11,BAIK
44,2,38,48,13,BAIK
34,1,22,27,8,BAIK
34,1,15,44,7,BAIK
50,2,20,24,11,BAIK
47,2,31,3,11,BAIK
39,1,32,3,14,BAIK
37,1,33,3,9,BAIK
35,4,32,47,20,BAIK
48,7,29,43,12,BAIK
48,8,26,29,9,BAIK
39,8,21,19,9,BAIK
40,4,32,43,10,BAIK
39,4,18,48,10,BAIK
27,2,18,45,6,BAIK
50,5,39,41,10,BAIK
50,4,39,46,14,BAIK
47,5,30,46,15,BAIK
46,3,36,47,20,BAIK
46,6,32,43,12,BAIK
34,4,34,41,13,BAIK
44,4,38,41,17,BAIK
39,14,25,46,12,BAIK
40,15,30,48,10,BAIK
36,16,28,47,14,BAIK
34,18,46,42,15,BAIK
27,11,20,43,9,BAIK
43,17,30,41,11,BAIK
45,7,30,42,14,BAIK
47,7,39,49,20,BAIK
50,7,35,44,14,BAIK
45,7,21,44,13,BAIK
47,8,43,40,24,BAIK
50,8,33,45,17,BAIK
50,7,38,49,21,BAIK
48,6,27,47,14,BAIK
24,7,13,41,11,BAIK
42,8,21,48,12,BAIK
44,10,17,43,11,BAIK
39,11,14,39,7,BAIK
45,10,21,49,11,BAIK
50,11,32,44,17,BAIK
43,10,19,50,16,BAIK
49,12,24,49,14,BAIK
50,11,20,50,15,BAIK
45,11,18,38,15,BAIK
50,10,26,37,16,BAIK
43,11,20,41,16,BAIK
50,13,23,46,22,BAIK
48,9,27,44,18,BAIK
36,10,27,45,19,BAIK
48,11,38,50,14,BAIK
31,12,20,29,10,BAIK
30,12,24,43,13,BAIK
25,10,23,30,10,BAIK
28,11,29,39,16,BAIK
36,10,33,40,10,BAIK
25,9,19,49,11,BAIK
42,12,39,38,12,BAIK
35,17,31,29,18,BAIK
29,13,28,40,17,BAIK
28,13,23,43,14,BAIK
31,13,24,42,12,BAIK
47,14,23,37,12,BAIK
26,12,23,36,12,BAIK
33,12,26,46,15,BAIK
22,10,25,40,13,BAIK
22,11,11,37,10,BAIK
33,6,20,42,13,BAIK
28,5,17,31,16,BAIK
33,5,22,29,22,BAIK
25,5,9,27,6,BAIK
33,6,11,22,8,BAIK
24,5,11,26,11,BAIK
49,7,18,26,10,BAIK
25,7,10,25,10,BAIK
27,6,12,36,10,BAIK
22,5,10,38,12,BAIK
21,5,8,27,7,BAIK
29,7,11,27,11,BAIK
32,7,11,35,12,BAIK
29,6,10,36,13,BAIK
23,6,8,32,7,BAIK
25,6,9,38,8,BAIK
26,6,7,41,11,BAIK
26,7,23,37,13,BAIK
45,5,26,28,18,BAIK
41,5,24,34,16,BAIK
39,4,27,36,20,BAIK
50,5,20,33,15,BAIK
39,5,13,40,13,BAIK
44,5,23,45,18,BAIK
44,8,43,40,16,BAIK
43,6,35,30,15,BAIK
49,5,42,33,19,BAIK
42,5,16,30,12,BAIK
41,5,19,32,16,BAIK
49,6,18,32,12,BAIK
34,10,27,36,15,BAIK
7,8,35,40,16,BAIK
31,6,38,37,12,BAIK
12,5,22,36,13,BAIK
8,5,34,43,24,BAIK
11,7,16,41,13,BAIK
29,7,29,40,20,BAIK
8,11,16,46,12,BAIK
18,11,29,46,17,BAIK
44,7,19,43,14,BAIK
43,8,17,39,12,BAIK
49,6,24,45,18,BAIK
30,15,11,46,10,BAIK
26,15,9,39,7,BAIK
29,15,10,40,11,BAIK
36,16,18,43,15,BAIK
28,16,10,37,7,BAIK
34,15,11,42,12,BAIK
32,15,11,42,12,BAIK
39,15,16,46,13,BAIK
49,30,9,40,8,BAIK
43,19,14,22,2,BAIK
33,40,32,49,4,BAIK
47,40,25,48,2,BAIK
39,43,18,40,2,BAIK
46,43,27,31,3,BAIK
50,28,24,37,2,BAIK
42,27,23,37,2,BAIK
39,26,33,35,2,BAIK
49,27,32,37,3,BAIK
49,27,29,29,1,BAIK
42,26,19,29,2,BAIK
46,26,29,29,3,BAIK
16,26,27,28,2,BAIK
33,26,25,30,2,BAIK
41,26,23,35,1,BAIK
42,26,23,39,2,BAIK
36,26,29,44,4,BAIK
40,26,28,40,2,BAIK
48,26,33,45,3,BAIK
37,26,27,49,2,BAIK
44,26,28,49,3,BAIK
41,26,29,40,3,BAIK
40,26,26,49,3,BAIK
47,26,30,45,3,BAIK
27,26,25,19,3,BAIK
47,26,26,26,2,BAIK
34,27,28,21,5,BAIK
42,27,28,21,2,BAIK
46,27,28,22,3,BAIK
43,27,23,18,2,BAIK
34,27,33,23,3,BAIK
43,27,29,17,3,BAIK
37,27,26,15,3,BAIK
50,27,39,32,4,BAIK
45,28,30,15,2,BAIK
48,28,23,16,1,BAIK
44,30,27,21,2,BAIK
47,29,29,17,3,BAIK
32,29,31,15,4,BAIK
38,28,29,21,5,BAIK
45,28,32,12,3,BAIK
44,28,27,14,2,BAIK
41,28,27,35,4,BAIK
35,29,27,22,4,BAIK
37,29,33,16,2,BAIK
44,28,25,23,2,BAIK
50,28,37,24,3,BAIK
39,28,18,26,1,BAIK
39,28,17,24,2,BAIK
35,28,23,28,2,BAIK
49,32,26,12,1,BAIK
39,28,22,28,4,BAIK
44,30,27,28,4,BAIK
38,30,29,40,4,BAIK
46,30,21,36,3,BAIK
42,29,27,26,2,BAIK
50,28,34,38,4,BAIK
42,29,26,25,4,BAIK
45,30,24,31,4,BAIK
40,29,26,34,3,BAIK
49,30,20,34,3,BAIK
41,29,23,43,4,BAIK
33,29,22,19,2,BAIK
48,29,25,19,2,BAIK
45,30,23,18,3,BAIK
31,29,19,19,2,BAIK
24,30,24,23,6,BAIK
30,30,18,12,2,BAIK
37,30,26,40,6,BAIK
49,30,25,21,3,BAIK
35,30,20,28,3,BAIK
49,31,23,25,4,BAIK
34,30,22,17,2,BAIK
49,30,27,13,2,BAIK
44,31,23,32,4,BAIK
45,30,25,20,3,BAIK
41,30,22,16,2,BAIK
40,31,22,16,3,BAIK
44,30,23,27,2,BAIK
41,31,30,21,5,BAIK
29,32,21,10,2,BAIK
37,31,27,26,4,BAIK
28,31,17,10,1,BAIK
24,31,17,10,1,BAIK
38,31,17,7,1,BAIK
23,31,16,11,1,BAIK
28,31,19,12,1,BAIK
39,31,20,16,2,BAIK
35,31,22,15,2,BAIK
27,31,18,12,2,BAIK
33,31,17,17,1,BAIK
31,31,18,20,1,BAIK
34,32,17,14,2,BAIK
39,32,21,15,2,BAIK
44,31,25,10,2,BAIK
34,31,18,11,2,BAIK
21,31,18,14,1,BAIK
20,32,15,14,1,BAIK
23,32,16,12,1,BAIK
19,31,16,12,1,BAIK
21,31,16,13,1,BAIK
17,31,15,11,1,BAIK
49,32,23,23,2,BAIK
23,31,18,19,3,BAIK
28,32,18,10,1,BAIK
20,32,19,11,1,BAIK
16,32,16,19,1,BAIK
18,32,17,20,2,BAIK
24,32,22,20,2,BAIK
29,32,25,14,2,BAIK
21,31,24,18,2,BAIK
30,32,22,17,3,BAIK
29,33,17,19,2,BAIK
29,32,23,13,2,BAIK
38,32,34,21,4,BAIK
25,32,25,20,2,BAIK
29,32,23,17,2,BAIK
29,32,19,12,1,BAIK
22,31,17,13,1,BAIK
27,32,16,17,1,BAIK
24,28,19,14,1,BAIK
47,14,24,22,2,BAIK
32,13,23,18,3,BAIK
35,12,25,19,2,BAIK
33,12,21,19,2,BAIK
31,12,23,20,2,BAIK
41,16,22,27,3,BAIK
39,6,20,22,2,BAIK
28,6,19,23,3,BAIK
41,6,20,22,2,BAIK
30,4,23,32,3,BAIK
32,6,23,42,4,BAIK
35,3,18,40,3,BAIK
43,4,21,42,3,BAIK
34,5,32,41,4,BAIK
27,6,22,40,4,BAIK
36,7,19,38,3,BAIK
40,3,31,24,3,BAIK
30,6,23,44,4,BAIK
42,8,19,44,3,BAIK
41,10,22,42,4,BAIK
36,8,20,31,3,BAIK
35,7,17,26,2,BAIK
34,8,24,47,6,BAIK
46,6,33,34,7,BAIK
32,9,20,26,3,BAIK
37,12,24,8,3,BAIK
31,12,24,6,4,BAIK
33,10,16,6,2,BAIK
17,8,16,38,1,BAIK
23,7,14,31,1,BAIK
39,9,26,47,5,BAIK
50,12,17,43,5,BAIK
47,10,18,44,6,BAIK
39,10,17,32,2,BAIK
49,10,22,31,5,BAIK
36,12,20,31,3,BAIK
41,11,20,23,3,BAIK
41,16,18,32,4,BAIK
38,21,18,31,3,BAIK
50,16,18,32,2,BAIK
40,14,19,30,2,BAIK
12,12,14,29,1,BAIK
20,11,15,33,2,BAIK
28,13,25,33,3,BAIK
33,12,19,46,3,BAIK
27,13,22,42,3,BAIK
49,14,18,39,3,BAIK
45,13,14,48,2,BAIK
40,17,22,45,5,BAIK
18,17,16,49,3,BAIK
44,17,20,22,3,BAIK
48,17,26,47,4,BAIK
48,20,16,36,4,BAIK
39,18,19,41,4,BAIK
32,17,16,49,3,BAIK
37,17,19,12,3,BAIK
40,19,17,18,2,BAIK
27,19,18,20,2,BAIK
28,20,15,18,2,BAIK
20,18,16,19,2,BAIK
19,18,16,21,2,BAIK
23,19,16,28,3,BAIK
29,21,23,18,4,BAIK
27,21,21,19,3,BAIK
39,20,18,20,3,BAIK
33,19,17,27,3,BAIK
27,20,15,25,2,BAIK
30,19,18,29,4,BAIK
35,22,19,40,4,BAIK
25,20,17,16,2,BAIK
24,20,25,21,2,BAIK
27,19,24,16,1,BAIK
10,20,20,31,4,BAIK
33,20,18,29,2,BAIK
17,23,17,25,2,BAIK
27,21,19,31,4,BAIK
33,21,18,30,3,BAIK
30,21,22,28,3,BAIK
28,20,26,25,3,BAIK
34,21,21,35,3,BAIK
24,21,18,34,2,BAIK
20,19,14,22,2,BAIK
16,20,14,33,2,BAIK
22,21,15,27,3,BAIK
31,23,17,35,3,BAIK
35,24,21,45,4,BAIK
38,23,21,30,4,BAIK
35,20,22,27,2,BAIK
14,18,12,17,1,BAIK
24,21,20,19,2,BAIK
23,19,17,21,2,BAIK
18,19,14,24,2,BAIK
21,20,14,27,2,BAIK
48,27,19,44,3,BAIK
24,23,16,29,2,BAIK
28,23,16,44,3,BAIK
40,30,18,36,4,BAIK
35,22,18,38,4,BAIK
39,23,17,50,4,BAIK
31,23,17,38,4,BAIK
30,21,19,33,3,BAIK
24,23,19,29,3,BAIK
35,23,19,34,4,BAIK
41,22,22,23,5,BAIK
46,22,27,20,5,BAIK
27,20,18,23,2,BAIK
25,20,17,25,2,BAIK
17,20,17,18,2,BAIK
28,21,17,34,3,BAIK
33,23,20,39,3,BAIK
26,20,19,19,3,BAIK
21,20,19,25,3,BAIK
27,21,19,37,3,BAIK
32,22,17,23,4,BAIK
22,20,17,19,2,BAIK
27,21,20,23,3,BAIK
28,21,20,27,3,BAIK
44,21,19,31,3,BAIK
46,23,26,30,4,BAIK
18,21,19,27,3,BAIK
22,20,16,27,2,BAIK
31,19,19,27,3,BAIK
24,21,35,31,5,BAIK
28,23,38,29,3,BAIK
24,25,19,30,3,BAIK
15,20,21,43,3,BAIK
41,21,22,40,5,BAIK
37,21,25,36,6,BAIK
21,22,32,25,5,BAIK
20,22,23,42,3,BAIK
13,22,17,24,3,BAIK
29,22,19,40,3,BAIK
19,21,20,34,3,BAIK
24,28,22,29,4,BAIK
37,21,19,29,3,BAIK
27,23,28,18,4,BAIK
49,25,29,25,4,BAIK
32,22,19,39,3,BAIK
23,20,16,42,2,BAIK
36,22,22,41,4,BAIK
44,22,26,30,4,BAIK
48,21,26,21,3,BAIK
37,20,20,37,3,BAIK
47,23,24,27,4,BAIK
49,22,26,50,4,BAIK
49,24,27,23,3,BAIK
36,25,18,32,2,BAIK
36,24,20,24,3,BAIK
49,23,20,23,2,BAIK
30,23,18,33,3,BAIK
26,21,16,40,3,BAIK
48,22,24,40,4,BAIK
31,23,26,24,5,BAIK
22,23,31,28,2,BAIK
14,22,15,21,1,BAIK
25,22,17,22,1,BAIK
39,22,18,24,2,BAIK
45,22,27,23,2,BAIK
18,22,20,29,3,BAIK
8,24,25,16,4,BAIK
8,22,21,7,4,BAIK
8,23,21,6,4,BAIK
6,22,16,4,1,BAIK
11,22,20,10,3,BAIK
10,22,19,5,2,BAIK
50,22,20,25,2,BAIK
33,22,16,19,2,BAIK
33,22,16,29,2,BAIK
27,22,21,15,3,BAIK
46,22,20,30,5,BAIK
49,1,16,33,3,BAIK
42,13,11,27,2,BAIK
40,14,11,42,4,BAIK
39,14,19,38,3,BAIK
29,14,17,50,4,BAIK
40,14,14,34,4,BAIK
6,17,24,16,6,BAIK
43,13,17,35,8,BAIK
25,12,18,16,8,BAIK
50,12,14,26,5,BAIK
34,11,11,24,3,BAIK
26,8,12,44,2,BAIK
39,6,9,22,2,BAIK
39,5,8,19,1,BAIK
38,5,10,31,1,BAIK
21,5,14,16,2,BAIK
48,5,20,22,4,BAIK
46,5,17,45,2,BAIK
46,12,11,32,3,BAIK
48,12,12,38,4,BAIK
49,10,18,36,4,BAIK
50,9,23,31,6,BAIK
50,10,22,37,3,BAIK
6,12,16,14,4,BAIK
8,11,19,8,3,BAIK
6,11,22,8,3,BAIK
5,10,22,19,3,BAIK
6,11,21,16,4,BAIK
26,11,19,19,4,BAIK
44,11,16,33,4,BAIK
41,11,17,28,4,BAIK
47,11,15,26,4,BAIK
37,10,17,33,5,BAIK
38,11,17,35,4,BAIK
46,11,16,37,3,BAIK
37,11,20,32,3,BAIK
37,12,11,35,3,BAIK
37,11,14,33,4,BAIK
27,11,18,19,5,BAIK
30,10,20,38,5,BAIK
43,10,16,35,3,BAIK
42,10,14,29,3,BAIK
33,10,14,39,4,BAIK
36,9,14,32,3,BAIK
43,10,27,28,5,BAIK
36,10,17,14,4,BAIK
29,10,18,16,4,BAIK
34,9,12,33,3,BAIK
42,9,24,44,2,BAIK
46,10,22,34,3,BAIK
47,10,16,19,3,BAIK
45,10,21,32,3,BAIK
45,10,17,28,2,BAIK
48,10,20,22,3,BAIK
45,10,19,41,3,BAIK
49,10,23,37,3,BAIK
37,15,18,32,2,BAIK
15,13,9,30,1,BAIK
23,13,10,34,2,BAIK
41,12,9,36,2,BAIK
48,14,17,49,3,BAIK
33,13,12,23,3,BAIK
21,11,4,20,1,BAIK
22,13,6,22,2,BAIK
22,14,7,18,2,BAIK
16,16,5,29,4,BAIK
29,19,22,47,12,BAIK
45,20,29,30,7,BAIK
49,26,20,24,11,BAIK
31,13,19,22,9,BAIK
24,17,13,46,10,BAIK
41,21,25,41,18,BAIK
37,14,28,19,17,BAIK
49,14,32,16,19,BAIK
48,12,29,46,14,BAIK
36,12,23,49,11,BAIK
48,14,25,25,14,BAIK
42,13,22,28,13,BAIK
50,13,29,16,15,BAIK
30,19,24,21,12,BAIK
38,16,15,47,15,BAIK
40,15,28,29,21,BAIK
46,15,25,29,17,BAIK
28,15,20,25,10,BAIK
41,15,20,17,12,BAIK
43,14,28,50,16,BAIK
47,15,42,28,12,BAIK
30,19,18,33,9,BAIK
31,19,18,21,8,BAIK
25,16,18,12,6,BAIK
21,15,16,25,8,BAIK
23,3,16,24,10,BAIK
30,7,20,28,9,BAIK
25,6,15,19,8,BAIK
16,5,9,28,4,BAIK
18,5,14,19,7,BAIK
44,8,29,32,12,BAIK
44,5,36,47,18,BAIK
50,5,30,43,17,BAIK
45,8,25,24,18,BAIK
31,7,19,44,9,BAIK
32,5,24,37,10,BAIK
42,6,25,44,23,BAIK
50,7,37,49,16,BAIK
37,4,21,20,9,BAIK
21,6,16,47,20,BAIK
43,9,16,31,16,BAIK
40,9,17,28,9,BAIK
50,16,18,27,10,BAIK
42,10,20,16,15,BAIK
44,8,31,32,11,BAIK
49,6,42,38,11,BAIK
42,4,29,48,21,BAIK
27,5,14,19,5,BAIK
41,15,24,42,16,BAIK
49,9,31,44,16,BAIK
35,3,24,42,16,BAIK
47,3,21,40,13,BAIK
48,6,16,42,16,BAIK
33,6,11,39,9,BAIK
43,5,9,34,8,BAIK
50,26,15,45,13,BAIK
42,23,14,31,10,BAIK
41,22,14,29,9,BAIK
30,20,10,32,9,BAIK
27,22,12,29,8,BAIK
39,22,14,32,10,BAIK
34,22,14,38,10,BAIK
35,22,12,31,9,BAIK
46,23,16,32,9,BAIK
37,23,26,33,11,BAIK
41,26,20,30,11,BAIK
24,24,18,25,8,BAIK
34,31,25,23,8,BAIK
27,23,9,33,4,BAIK
33,26,12,36,8,BAIK
34,28,13,27,7,BAIK
29,22,13,36,8,BAIK
37,29,14,31,6,BAIK
47,30,15,33,9,BAIK
30,36,14,26,9,BAIK
40,36,18,28,15,BAIK
49,11,23,38,19,BAIK
38,12,21,35,20,BAIK
44,10,22,25,16,BAIK
29,8,19,27,14,BAIK
37,10,24,28,12,BAIK
39,8,37,19,15,BAIK
24,8,29,21,14,BAIK
43,8,30,29,12,BAIK
50,9,26,32,18,BAIK
29,8,24,26,12,BAIK
35,7,18,33,12,BAIK
43,7,16,39,20,BAIK
24,5,18,28,12,BAIK
45,16,48,23,15,BAIK
38,8,27,17,11,BAIK
30,5,16,20,13,BAIK
35,11,15,22,14,BAIK
31,8,16,30,13,BAIK
28,5,5,29,9,BAIK
20,4,10,27,9,BAIK
19,5,14,25,13,BAIK
42,5,15,27,13,BAIK
33,5,16,22,13,BAIK
45,5,13,28,8,BAIK
34,5,15,32,10,BAIK
35,6,16,30,13,BAIK
36,10,19,33,16,BAIK
37,7,17,28,17,BAIK
45,7,16,39,11,BAIK
39,6,12,19,11,BAIK
30,5,12,33,11,BAIK
40,5,15,38,13,BAIK
48,5,19,39,20,BAIK
34,4,17,36,12,BAIK
50,3,17,42,13,BAIK
50,4,20,36,19,BAIK
43,6,15,37,17,BAIK
34,4,7,42,9,BAIK
49,4,10,42,10,BAIK
32,4,6,33,7,BAIK
30,5,4,33,5,BAIK
42,6,8,47,7,BAIK
45,4,8,37,9,BAIK
26,3,11,35,9,BAIK
26,5,5,31,7,BAIK
36,3,5,27,10,BAIK
40,2,8,46,9,BAIK
40,2,8,46,11,BAIK
34,3,7,41,9,BAIK
45,5,5,43,7,BAIK
43,4,3,27,8,BAIK
46,3,7,45,8,BAIK
49,2,7,45,13,BAIK
32,2,12,29,9,BAIK
50,4,4,30,8,BAIK
44,4,4,29,7,BAIK
50,4,3,48,9,BAIK
44,2,4,47,8,BAIK
50,12,10,34,8,BAIK
27,7,7,49,9,BAIK
41,3,8,43,5,BAIK
26,2,4,27,5,BAIK
32,4,5,29,8,BAIK
48,14,7,46,9,BAIK
50,14,10,45,9,BAIK
44,14,7,37,8,BAIK
41,14,4,31,8,BAIK
45,18,4,28,8,BAIK
48,19,5,24,11,BAIK
40,16,8,43,16,BAIK
50,19,4,44,10,BAIK
46,18,3,41,9,BAIK
26,15,3,23,7,BAIK
23,27,15,3,32,BAIK
18,21,16,4,27,BAIK
22,17,4,19,8,BAIK
25,18,4,28,7,BAIK
29,19,8,48,14,BAIK
28,22,7,34,11,BAIK
31,22,7,30,9,BAIK
25,22,6,18,9,BAIK
32,22,5,25,8,BAIK
32,30,4,25,7,BAIK
32,24,9,21,12,BAIK
23,19,6,29,10,BAIK
29,20,5,29,6,BAIK
25,18,4,29,9,BAIK
26,18,6,24,8,BAIK
21,17,5,19,7,BAIK
24,21,5,30,7,BAIK
25,19,5,25,8,BAIK
27,19,6,24,9,BAIK
37,20,9,19,8,BAIK
17,17,4,14,5,BAIK
23,19,6,16,10,BAIK
23,23,4,25,5,BAIK
23,26,3,30,6,BAIK
24,26,5,35,5,BAIK
26,27,4,33,8,BAIK
21,23,5,28,6,BAIK
19,22,4,25,7,BAIK
26,25,8,29,10,BAIK
27,27,7,47,7,BAIK
30,24,4,32,7,BAIK
35,22,6,39,10,BAIK
23,16,11,33,8,BAIK
29,20,12,26,15,BAIK
34,17,13,20,9,BAIK
31,13,12,25,12,BAIK
35,12,12,22,13,BAIK
33,12,14,23,10,BAIK
20,13,10,19,8,BAIK
27,14,18,17,11,BAIK
27,13,16,24,12,BAIK
30,21,14,16,24,BAIK
23,19,11,14,19,BAIK
29,20,14,12,21,BAIK
27,21,8,21,15,BAIK
25,19,7,19,12,BAIK
24,19,10,18,17,BAIK
33,22,12,14,22,BAIK
32,21,10,12,16,BAIK
26,23,13,9,17,BAIK
25,20,9,19,16,BAIK
33,18,11,19,19,BAIK
34,20,13,17,25,BAIK
26,18,11,18,26,BAIK
29,19,20,12,23,BAIK
30,18,11,18,20,BAIK
31,18,10,16,17,BAIK
30,22,10,9,16,BAIK
31,26,12,14,17,BAIK
29,18,13,18,20,BAIK
36,23,15,10,22,BAIK
27,19,9,15,21,BAIK
25,22,9,14,17,BAIK
26,22,11,13,19,BAIK
25,20,8,18,22,BAIK
30,25,11,13,19,BAIK
32,25,7,29,16,BAIK
31,24,8,20,19,BAIK
32,31,10,16,9,BAIK
27,30,8,16,7,BAIK
31,31,8,11,6,BAIK
28,31,7,16,5,BAIK
28,33,7,13,6,BAIK
27,32,7,14,5,BAIK
20,32,7,13,5,BAIK
23,30,8,12,6,BAIK
30,30,10,8,5,BAIK
19,29,5,14,4,BAIK
23,30,7,12,5,BAIK
29,31,9,18,7,BAIK
28,31,7,15,5,BAIK
49,9,19,7,49,BAIK
30,34,12,16,9,BAIK
33,36,10,21,11,BAIK
28,33,8,24,9,BAIK
31,34,10,13,6,BAIK
59,9,38,75,26,SEDANG
68,9,67,67,22,SEDANG
65,6,38,80,23,SEDANG
74,8,56,68,27,SEDANG
54,12,35,77,25,SEDANG
59,9,32,62,20,SEDANG
74,9,46,64,16,SEDANG
54,11,29,66,19,SEDANG
61,18,41,59,16,SEDANG
70,14,42,62,25,SEDANG
66,19,39,80,25,SEDANG
57,17,34,80,24,SEDANG
60,16,29,73,18,SEDANG
52,15,40,65,21,SEDANG
59,12,46,69,26,SEDANG
56,12,29,65,15,SEDANG
69,14,39,79,18,SEDANG
59,14,41,64,16,SEDANG
57,15,39,87,21,SEDANG
74,21,50,74,29,SEDANG
59,14,37,71,26,SEDANG
62,22,37,66,19,SEDANG
64,15,34,76,20,SEDANG
61,16,43,64,29,SEDANG
62,18,39,60,22,SEDANG
60,16,27,65,17,SEDANG
57,22,44,59,24,SEDANG
60,17,38,59,17,SEDANG
61,13,40,80,32,SEDANG
60,12,42,73,19,SEDANG
61,16,40,77,26,SEDANG
60,15,45,74,29,SEDANG
48,18,28,71,21,SEDANG
48,17,45,67,20,SEDANG
59,23,39,70,20,SEDANG
50,16,43,65,21,SEDANG
37,16,31,71,21,SEDANG
62,21,35,78,28,SEDANG
65,19,36,62,23,SEDANG
56,18,41,67,20,SEDANG
54,22,39,63,23,SEDANG
69,27,41,71,24,SEDANG
50,17,42,80,30,SEDANG
62,21,36,59,24,SEDANG
54,16,38,64,18,SEDANG
47,17,31,69,22,SEDANG
47,15,35,70,20,SEDANG
48,17,31,75,23,SEDANG
56,15,59,66,23,SEDANG
43,17,34,70,21,SEDANG
40,16,32,69,22,SEDANG
37,16,28,74,18,SEDANG
58,19,34,67,24,SEDANG
61,16,32,65,38,SEDANG
68,20,49,74,21,SEDANG
64,19,35,70,24,SEDANG
57,19,38,90,30,SEDANG
52,17,28,77,16,SEDANG
59,21,35,84,26,SEDANG
49,17,30,89,20,SEDANG
57,19,54,73,21,SEDANG
56,17,26,71,23,SEDANG
62,22,35,67,19,SEDANG
62,23,32,82,17,SEDANG
62,22,35,55,26,SEDANG
65,23,36,76,23,SEDANG
58,18,29,88,34,SEDANG
64,23,30,66,19,SEDANG
51,15,18,82,13,SEDANG
53,15,27,83,16,SEDANG
55,17,36,70,14,SEDANG
57,24,27,61,15,SEDANG
53,25,34,71,22,SEDANG
54,18,32,68,15,SEDANG
56,19,27,60,14,SEDANG
62,19,42,78,22,SEDANG
61,22,31,69,14,SEDANG
57,19,30,89,20,SEDANG
60,19,31,75,17,SEDANG
59,18,35,87,18,SEDANG
60,17,33,72,19,SEDANG
55,16,31,85,13,SEDANG
53,17,30,89,22,SEDANG
55,18,28,77,18,SEDANG
52,18,34,77,19,SEDANG
67,20,41,71,19,SEDANG
53,20,36,78,19,SEDANG
59,21,30,68,15,SEDANG
62,21,35,79,26,SEDANG
56,17,25,59,9,SEDANG
65,15,41,59,20,SEDANG
67,15,35,62,17,SEDANG
53,13,32,64,18,SEDANG
65,22,29,55,20,SEDANG
59,21,20,64,14,SEDANG
57,18,29,68,16,SEDANG
62,23,27,66,20,SEDANG
60,23,35,70,19,SEDANG
61,20,31,67,16,SEDANG
51,10,24,83,14,SEDANG
57,10,20,77,13,SEDANG
55,12,32,63,25,SEDANG
62,15,29,71,21,SEDANG
68,13,29,77,19,SEDANG
67,14,29,67,16,SEDANG
66,11,27,51,13,SEDANG
59,10,28,76,18,SEDANG
53,14,27,78,20,SEDANG
59,14,33,65,19,SEDANG
63,17,34,51,18,SEDANG
66,14,29,78,17,SEDANG
59,18,27,62,14,SEDANG
63,19,25,42,12,SEDANG
57,14,27,81,17,SEDANG
62,14,29,75,18,SEDANG
62,18,35,84,26,SEDANG
62,18,32,60,16,SEDANG
55,16,19,75,14,SEDANG
51,13,30,87,22,SEDANG
65,17,32,55,18,SEDANG
59,12,25,75,18,SEDANG
61,7,29,81,16,SEDANG
53,16,27,80,18,SEDANG
64,15,27,78,20,SEDANG
65,16,29,84,22,SEDANG
68,15,27,85,16,SEDANG
66,14,23,54,13,SEDANG
63,12,24,60,14,SEDANG
67,14,23,61,14,SEDANG
74,14,25,73,16,SEDANG
68,11,19,62,13,SEDANG
70,12,20,73,15,SEDANG
64,16,33,68,19,SEDANG
79,16,37,80,22,SEDANG
66,15,15,57,13,SEDANG
72,17,29,62,15,SEDANG
70,17,29,72,18,SEDANG
60,12,15,57,9,SEDANG
68,14,36,77,14,SEDANG
56,11,14,63,14,SEDANG
62,12,23,63,13,SEDANG
63,14,25,61,15,SEDANG
59,11,17,66,16,SEDANG
65,14,27,68,16,SEDANG
69,15,28,84,22,SEDANG
63,19,26,55,15,SEDANG
62,13,34,79,20,SEDANG
57,11,30,89,19,SEDANG
66,12,26,87,14,SEDANG
59,15,31,74,22,SEDANG
75,19,30,81,19,SEDANG
65,26,27,73,15,SEDANG
69,24,27,69,19,SEDANG
63,17,29,72,20,SEDANG
75,23,27,64,23,SEDANG
56,18,25,87,18,SEDANG
66,19,30,81,20,SEDANG
59,21,28,70,26,SEDANG
70,21,29,68,17,SEDANG
61,21,29,70,23,SEDANG
60,21,25,86,21,SEDANG
70,16,27,59,14,SEDANG
58,16,27,58,14,SEDANG
57,17,25,61,16,SEDANG
60,19,26,59,16,SEDANG
58,17,32,68,20,SEDANG
74,21,31,84,18,SEDANG
58,18,29,89,14,SEDANG
54,18,25,69,13,SEDANG
53,15,20,73,12,SEDANG
62,15,34,85,18,SEDANG
64,19,30,76,16,SEDANG
64,14,32,71,18,SEDANG
53,19,21,67,14,SEDANG
46,17,25,80,14,SEDANG
57,23,23,81,16,SEDANG
77,30,31,66,16,SEDANG
68,20,33,57,18,SEDANG
51,19,20,65,11,SEDANG
57,17,31,80,15,SEDANG
57,20,26,88,20,SEDANG
60,19,31,70,17,SEDANG
57,18,25,89,14,SEDANG
65,25,35,84,21,SEDANG
58,32,28,62,17,SEDANG
64,19,29,71,14,SEDANG
71,23,32,69,19,SEDANG
52,18,26,74,13,SEDANG
41,17,29,70,12,SEDANG
56,23,36,78,11,SEDANG
75,20,48,78,25,SEDANG
54,21,25,73,13,SEDANG
66,24,42,75,17,SEDANG
55,21,37,71,15,SEDANG
36,17,23,74,7,SEDANG
50,19,25,82,9,SEDANG
63,21,39,65,8,SEDANG
37,19,22,70,9,SEDANG
50,15,42,86,22,SEDANG
52,28,47,66,11,SEDANG
36,15,28,71,13,SEDANG
54,16,32,72,16,SEDANG
50,45,38,71,15,SEDANG
58,21,41,66,13,SEDANG
53,23,30,67,11,SEDANG
43,20,26,77,10,SEDANG
39,24,26,85,14,SEDANG
51,52,34,74,15,SEDANG
56,23,44,85,22,SEDANG
53,22,34,72,14,SEDANG
53,13,29,72,12,SEDANG
42,12,37,78,13,SEDANG
54,13,46,78,13,SEDANG
37,11,20,69,8,SEDANG
70,13,53,76,24,SEDANG
56,15,42,82,23,SEDANG
60,12,34,62,18,SEDANG
77,44,41,51,19,SEDANG
49,24,28,75,17,SEDANG
56,24,28,61,14,SEDANG
60,41,47,78,22,SEDANG
55,23,31,76,6,SEDANG
66,26,34,85,6,SEDANG
29,14,29,77,13,SEDANG
33,13,27,77,10,SEDANG
50,14,41,80,17,SEDANG
55,12,27,80,14,SEDANG
53,12,30,79,13,SEDANG
49,20,29,68,13,SEDANG
42,18,18,83,8,SEDANG
69,25,54,72,14,SEDANG
45,28,32,77,14,SEDANG
41,31,35,75,22,SEDANG
51,21,36,89,19,SEDANG
55,29,33,64,23,SEDANG
58,30,28,72,15,SEDANG
45,21,21,68,17,SEDANG
50,25,26,74,11,SEDANG
55,29,35,77,16,SEDANG
74,36,46,64,24,SEDANG
58,27,36,77,17,SEDANG
57,26,25,79,12,SEDANG
51,21,21,73,10,SEDANG
61,26,30,75,17,SEDANG
64,29,48,80,23,SEDANG
54,27,34,86,21,SEDANG
53,34,32,69,18,SEDANG
61,24,24,83,14,SEDANG
64,26,40,72,23,SEDANG
65,20,44,84,20,SEDANG
69,32,26,80,16,SEDANG
60,21,31,83,15,SEDANG
47,22,34,82,15,SEDANG
76,27,53,75,31,SEDANG
72,25,37,80,25,SEDANG
57,27,37,64,19,SEDANG
66,28,32,79,17,SEDANG
66,24,43,72,23,SEDANG
56,25,24,76,16,SEDANG
60,23,32,65,17,SEDANG
58,24,13,79,9,SEDANG
58,23,34,84,23,SEDANG
62,27,33,68,19,SEDANG
66,25,28,57,11,SEDANG
63,26,30,61,16,SEDANG
69,22,35,70,17,SEDANG
59,27,32,68,17,SEDANG
72,32,35,70,19,SEDANG
71,31,44,72,22,SEDANG
62,31,30,77,23,SEDANG
64,24,38,80,18,SEDANG
70,31,35,67,18,SEDANG
51,26,36,75,19,SEDANG
67,30,46,64,22,SEDANG
77,34,34,61,19,SEDANG
69,28,35,80,20,SEDANG
61,25,22,56,15,SEDANG
71,30,34,72,19,SEDANG
64,31,28,68,10,SEDANG
63,24,27,83,16,SEDANG
63,27,28,68,13,SEDANG
63,27,23,60,13,SEDANG
69,30,30,74,29,SEDANG
71,31,35,76,28,SEDANG
71,34,32,64,26,SEDANG
65,28,30,45,19,SEDANG
67,31,33,61,15,SEDANG
71,26,40,69,21,SEDANG
69,29,36,58,22,SEDANG
74,30,35,60,17,SEDANG
80,27,33,76,27,SEDANG
72,28,31,70,21,SEDANG
66,27,37,76,28,SEDANG
64,28,35,77,18,SEDANG
72,22,24,66,16,SEDANG
72,21,33,59,19,SEDANG
70,24,36,81,21,SEDANG
74,32,22,74,17,SEDANG
64,22,33,82,24,SEDANG
66,23,29,61,22,SEDANG
66,27,24,57,15,SEDANG
67,23,20,67,13,SEDANG
73,22,25,80,15,SEDANG
69,21,27,64,11,SEDANG
53,19,10,73,14,SEDANG
41,23,14,70,10,SEDANG
34,28,27,74,18,SEDANG
64,28,25,77,16,SEDANG
68,40,24,77,16,SEDANG
77,26,32,70,18,SEDANG
70,33,29,72,22,SEDANG
78,26,31,79,21,SEDANG
74,25,27,58,19,SEDANG
71,23,35,81,20,SEDANG
70,30,29,67,22,SEDANG
75,31,42,70,20,SEDANG
63,26,34,76,20,SEDANG
69,26,37,74,20,SEDANG
75,38,31,66,21,SEDANG
77,32,30,78,17,SEDANG
68,27,27,67,14,SEDANG
73,34,33,73,19,SEDANG
79,35,32,52,18,SEDANG
61,27,15,67,10,SEDANG
71,32,38,64,21,SEDANG
64,29,32,78,17,SEDANG
71,35,34,63,17,SEDANG
61,29,28,61,15,SEDANG
60,29,24,64,11,SEDANG
47,25,29,77,18,SEDANG
57,24,32,69,17,SEDANG
55,24,21,84,13,SEDANG
53,22,42,69,14,SEDANG
59,35,35,79,20,SEDANG
51,29,38,73,18,SEDANG
59,30,45,62,17,SEDANG
66,26,38,83,12,SEDANG
68,5,30,77,19,SEDANG
59,5,28,71,20,SEDANG
63,2,54,64,14,SEDANG
59,5,18,68,10,SEDANG
53,5,30,68,20,SEDANG
65,6,49,62,18,SEDANG
60,6,33,76,20,SEDANG
55,4,29,70,14,SEDANG
51,2,38,68,12,SEDANG
75,4,23,51,9,SEDANG
70,2,34,59,17,SEDANG
66,3,32,49,15,SEDANG
56,2,37,76,21,SEDANG
64,3,33,75,22,SEDANG
69,2,35,73,20,SEDANG
64,2,38,73,21,SEDANG
59,3,34,80,14,SEDANG
49,1,25,68,12,SEDANG
59,2,28,64,13,SEDANG
52,2,24,65,15,SEDANG
54,1,31,75,14,SEDANG
53,1,33,69,17,SEDANG
52,2,26,75,12,SEDANG
55,2,23,79,13,SEDANG
42,1,26,73,14,SEDANG
61,4,29,76,10,SEDANG
58,1,31,76,10,SEDANG
65,4,36,70,20,SEDANG
60,2,35,65,19,SEDANG
76,2,42,73,21,SEDANG
64,2,30,58,14,SEDANG
55,2,18,63,19,SEDANG
74,3,37,69,23,SEDANG
56,2,40,69,22,SEDANG
66,2,34,56,23,SEDANG
62,2,35,73,17,SEDANG
56,2,42,66,25,SEDANG
54,3,33,62,15,SEDANG
68,2,26,75,19,SEDANG
56,1,32,68,12,SEDANG
73,2,53,77,20,SEDANG
64,2,32,66,12,SEDANG
70,2,16,62,12,SEDANG
71,3,27,54,12,SEDANG
74,3,18,64,12,SEDANG
72,1,15,61,12,SEDANG
75,3,28,58,18,SEDANG
62,2,28,55,16,SEDANG
58,2,32,74,25,SEDANG
61,3,32,76,19,SEDANG
56,1,32,70,18,SEDANG
69,3,25,46,18,SEDANG
66,3,29,72,21,SEDANG
73,3,30,63,28,SEDANG
63,2,30,78,24,SEDANG
77,2,24,68,25,SEDANG
59,2,14,74,16,SEDANG
70,3,6,61,19,SEDANG
71,3,53,69,19,SEDANG
71,4,53,66,30,SEDANG
61,5,34,63,11,SEDANG
63,11,33,47,13,SEDANG
74,13,38,67,17,SEDANG
57,7,37,67,20,SEDANG
80,10,39,75,26,SEDANG
60,5,36,76,19,SEDANG
65,8,46,59,19,SEDANG
64,12,41,66,21,SEDANG
72,9,30,76,16,SEDANG
69,6,56,68,22,SEDANG
58,8,31,57,17,SEDANG
58,7,24,68,15,SEDANG
67,5,58,65,24,SEDANG
70,9,35,77,19,SEDANG
62,8,35,56,20,SEDANG
61,7,32,72,21,SEDANG
70,10,32,74,17,SEDANG
55,4,19,78,17,SEDANG
53,4,21,74,12,SEDANG
56,4,19,79,11,SEDANG
53,5,23,74,13,SEDANG
57,8,21,74,18,SEDANG
56,8,22,62,13,SEDANG
57,9,23,68,10,SEDANG
55,6,18,65,10,SEDANG
50,4,25,77,12,SEDANG
54,7,26,66,14,SEDANG
58,9,27,66,19,SEDANG
67,9,30,72,19,SEDANG
69,8,27,63,14,SEDANG
75,10,30,58,22,SEDANG
69,9,26,58,19,SEDANG
64,9,15,57,10,SEDANG
62,9,25,48,12,SEDANG
61,9,27,58,14,SEDANG
68,8,28,72,23,SEDANG
63,9,27,49,12,SEDANG
69,9,30,53,16,SEDANG
61,9,15,67,13,SEDANG
62,9,28,77,15,SEDANG
69,7,35,74,24,SEDANG
68,6,33,82,19,SEDANG
67,7,31,74,19,SEDANG
70,9,32,64,19,SEDANG
62,5,26,72,14,SEDANG
68,7,34,68,20,SEDANG
80,9,35,74,21,SEDANG
66,10,33,57,18,SEDANG
73,8,32,66,22,SEDANG
51,5,24,81,15,SEDANG
64,7,30,62,17,SEDANG
71,8,30,74,19,SEDANG
66,8,30,71,27,SEDANG
64,9,27,48,22,SEDANG
63,10,27,64,30,SEDANG
67,7,26,80,19,SEDANG
65,8,31,76,19,SEDANG
70,10,26,66,18,SEDANG
72,11,26,69,12,SEDANG
69,8,29,60,18,SEDANG
78,9,31,81,21,SEDANG
71,8,33,78,24,SEDANG
71,9,31,72,19,SEDANG
67,8,31,80,17,SEDANG
72,10,32,58,22,SEDANG
60,10,29,69,19,SEDANG
61,8,31,59,21,SEDANG
64,9,30,84,21,SEDANG
59,5,20,76,14,SEDANG
60,6,30,66,15,SEDANG
65,9,25,49,14,SEDANG
65,10,20,44,12,SEDANG
47,7,19,65,12,SEDANG
66,9,30,52,18,SEDANG
66,8,33,60,25,SEDANG
82,11,38,70,30,SEDANG
78,9,35,70,18,SEDANG
74,8,41,70,18,SEDANG
65,8,42,63,23,SEDANG
76,8,38,81,20,SEDANG
69,8,34,84,22,SEDANG
59,8,44,74,23,SEDANG
66,8,30,83,21,SEDANG
75,9,35,84,25,SEDANG
75,10,42,69,21,SEDANG
59,13,27,59,17,SEDANG
62,7,20,67,14,SEDANG
55,10,27,78,12,SEDANG
58,10,35,65,20,SEDANG
80,13,32,67,18,SEDANG
52,8,28,71,15,SEDANG
61,6,19,83,16,SEDANG
72,7,38,83,15,SEDANG
57,7,33,76,13,SEDANG
56,6,42,78,17,SEDANG
71,4,43,61,20,SEDANG
61,5,32,79,17,SEDANG
57,9,32,63,12,SEDANG
57,5,21,61,12,SEDANG
61,7,28,51,11,SEDANG
60,5,40,68,13,SEDANG
51,4,28,75,21,SEDANG
44,1,25,71,13,SEDANG
65,2,29,51,13,SEDANG
58,2,28,57,11,SEDANG
67,5,31,49,15,SEDANG
59,3,26,70,12,SEDANG
61,8,33,71,20,SEDANG
59,8,30,60,17,SEDANG
65,6,31,60,16,SEDANG
77,6,38,70,26,SEDANG
72,6,30,58,23,SEDANG
68,3,40,63,22,SEDANG
69,7,36,63,22,SEDANG
77,7,52,71,22,SEDANG
66,10,36,70,18,SEDANG
58,7,40,63,15,SEDANG
68,7,35,78,23,SEDANG
54,6,30,70,16,SEDANG
53,6,23,62,14,SEDANG
64,9,37,59,14,SEDANG
65,5,37,66,20,SEDANG
64,16,30,66,14,SEDANG
60,25,48,64,13,SEDANG
60,8,40,69,18,SEDANG
77,8,38,69,28,SEDANG
48,6,26,66,19,SEDANG
63,6,36,62,18,SEDANG
44,7,30,78,31,SEDANG
56,4,23,74,20,SEDANG
61,4,44,67,20,SEDANG
52,6,37,69,24,SEDANG
54,9,32,70,19,SEDANG
54,8,28,84,17,SEDANG
65,8,38,74,27,SEDANG
68,8,36,59,21,SEDANG
63,8,41,60,16,SEDANG
58,10,31,54,19,SEDANG
67,6,55,64,21,SEDANG
61,13,32,52,17,SEDANG
58,9,43,63,21,SEDANG
73,11,26,66,19,SEDANG
56,8,34,75,22,SEDANG
43,8,29,70,15,SEDANG
57,6,37,62,21,SEDANG
52,10,30,62,24,SEDANG
51,7,32,78,18,SEDANG
60,6,39,71,13,SEDANG
55,10,27,60,14,SEDANG
56,10,24,67,15,SEDANG
55,11,30,61,19,SEDANG
56,12,31,72,20,SEDANG
63,12,28,68,18,SEDANG
41,9,30,68,25,SEDANG
58,12,26,68,18,SEDANG
59,10,29,69,18,SEDANG
52,10,32,66,25,SEDANG
57,10,27,67,18,SEDANG
55,11,26,83,24,SEDANG
63,9,38,72,18,SEDANG
59,13,28,74,24,SEDANG
58,12,28,56,22,SEDANG
63,13,32,63,20,SEDANG
56,16,30,78,23,SEDANG
55,14,28,75,18,SEDANG
62,11,33,67,16,SEDANG
63,9,35,59,24,SEDANG
52,13,27,62,27,SEDANG
52,10,36,72,15,SEDANG
41,10,27,70,20,SEDANG
46,9,32,84,19,SEDANG
44,11,25,71,21,SEDANG
54,9,32,77,22,SEDANG
39,8,34,74,24,SEDANG
38,11,28,70,21,SEDANG
52,13,31,61,21,SEDANG
61,12,41,80,26,SEDANG
52,11,30,68,18,SEDANG
37,11,34,69,20,SEDANG
45,9,29,72,17,SEDANG
48,10,30,76,21,SEDANG
59,11,39,67,25,SEDANG
34,11,28,72,23,SEDANG
66,13,29,47,16,SEDANG
70,7,26,36,13,SEDANG
62,7,22,79,25,SEDANG
59,6,24,58,26,SEDANG
53,6,24,69,30,SEDANG
40,6,21,67,16,SEDANG
58,6,25,78,17,SEDANG
53,6,31,69,28,SEDANG
62,7,29,57,20,SEDANG
67,6,29,44,22,SEDANG
71,7,29,71,21,SEDANG
69,7,34,69,18,SEDANG
75,14,40,64,39,SEDANG
56,15,27,59,25,SEDANG
64,14,30,52,23,SEDANG
59,14,29,51,18,SEDANG
70,14,33,71,21,SEDANG
66,22,28,54,19,SEDANG
83,18,30,68,18,SEDANG
64,17,31,79,30,SEDANG
63,16,27,56,19,SEDANG
40,15,15,70,20,SEDANG
57,16,19,61,15,SEDANG
57,14,16,62,9,SEDANG
64,14,26,53,17,SEDANG
80,19,23,60,17,SEDANG
80,22,21,51,15,SEDANG
68,15,24,54,17,SEDANG
69,16,27,46,22,SEDANG
80,32,28,59,29,SEDANG
68,31,17,63,14,SEDANG
75,30,27,60,30,SEDANG
84,28,30,64,22,SEDANG
75,32,25,57,24,SEDANG
74,35,23,76,19,SEDANG
77,40,22,71,22,SEDANG
73,34,25,62,21,SEDANG
69,37,27,59,27,SEDANG
68,33,26,66,21,SEDANG
61,32,21,74,22,SEDANG
62,35,18,56,27,SEDANG
66,27,13,61,11,SEDANG
64,33,22,54,15,SEDANG
64,30,28,54,20,SEDANG
67,27,19,63,15,SEDANG
71,35,21,52,20,SEDANG
66,34,24,51,19,SEDANG
60,31,19,63,18,SEDANG
62,29,24,52,16,SEDANG
67,28,21,57,22,SEDANG
65,32,18,55,19,SEDANG
72,34,21,55,21,SEDANG
71,34,22,53,22,SEDANG
59,30,13,59,13,SEDANG
63,31,17,56,24,SEDANG
66,34,17,59,24,SEDANG
64,32,14,58,16,SEDANG
70,33,23,53,18,SEDANG
72,31,25,59,23,SEDANG
70,35,26,52,24,SEDANG
70,34,25,47,18,SEDANG
69,31,20,49,17,SEDANG
61,29,15,57,13,SEDANG
64,28,17,65,19,SEDANG
65,31,23,44,17,SEDANG
67,33,23,46,16,SEDANG
82,37,29,71,23,SEDANG
83,33,35,66,23,SEDANG
79,32,21,65,19,SEDANG
67,33,16,45,11,SEDANG
74,31,25,48,18,SEDANG
63,32,23,46,21,SEDANG
60,29,18,57,21,SEDANG
78,31,27,51,19,SEDANG
77,33,37,71,20,SEDANG
77,36,30,48,22,SEDANG
66,35,25,60,23,SEDANG
72,29,17,61,19,SEDANG
65,20,19,51,20,SEDANG
66,20,27,39,25,SEDANG
60,45,24,78,4,SEDANG
74,43,41,61,4,SEDANG
58,42,30,77,3,SEDANG
58,44,29,79,4,SEDANG
52,26,32,81,4,SEDANG
48,26,31,71,4,SEDANG
65,26,31,30,4,SEDANG
72,26,31,17,3,SEDANG
73,27,30,15,2,SEDANG
74,27,35,16,3,SEDANG
77,29,33,21,5,SEDANG
71,28,32,34,4,SEDANG
75,28,34,35,5,SEDANG
78,28,41,24,3,SEDANG
83,29,32,25,3,SEDANG
68,30,28,17,4,SEDANG
73,29,32,32,4,SEDANG
80,29,32,25,3,SEDANG
69,29,32,29,3,SEDANG
70,30,30,24,4,SEDANG
65,31,30,24,2,SEDANG
70,30,34,24,4,SEDANG
79,30,32,30,4,SEDANG
69,31,33,28,3,SEDANG
68,32,27,50,5,SEDANG
65,31,27,27,4,SEDANG
67,34,26,23,4,SEDANG
77,32,39,29,4,SEDANG
58,15,25,78,5,SEDANG
52,7,27,71,7,SEDANG
62,7,30,67,5,SEDANG
50,6,24,68,3,SEDANG
58,6,26,54,4,SEDANG
37,9,25,75,5,SEDANG
56,9,27,63,4,SEDANG
53,9,24,60,5,SEDANG
63,10,25,80,5,SEDANG
42,8,23,80,5,SEDANG
64,12,35,71,3,SEDANG
51,8,27,62,4,SEDANG
43,7,23,73,4,SEDANG
73,9,26,69,5,SEDANG
65,10,24,76,6,SEDANG
57,10,24,65,7,SEDANG
71,8,31,56,6,SEDANG
53,11,22,67,5,SEDANG
61,11,33,82,6,SEDANG
50,8,27,67,4,SEDANG
62,10,34,86,4,SEDANG
49,9,22,68,4,SEDANG
71,15,25,78,5,SEDANG
59,12,20,80,5,SEDANG
50,12,20,76,3,SEDANG
53,11,21,78,6,SEDANG
60,11,24,56,7,SEDANG
56,11,20,81,9,SEDANG
59,15,18,64,6,SEDANG
44,13,21,85,11,SEDANG
61,17,20,82,8,SEDANG
69,14,24,79,8,SEDANG
58,15,16,65,4,SEDANG
53,14,25,75,4,SEDANG
71,15,21,75,4,SEDANG
42,13,23,72,5,SEDANG
50,13,20,77,4,SEDANG
54,14,23,70,6,SEDANG
51,12,24,67,3,SEDANG
52,17,18,63,7,SEDANG
63,19,21,65,4,SEDANG
60,13,18,80,6,SEDANG
45,18,22,71,5,SEDANG
51,16,21,69,4,SEDANG
49,17,23,77,9,SEDANG
46,13,25,82,5,SEDANG
50,19,19,76,5,SEDANG
50,17,20,85,10,SEDANG
57,16,20,70,9,SEDANG
48,14,19,74,4,SEDANG
53,17,18,74,6,SEDANG
42,17,18,80,7,SEDANG
68,19,18,59,6,SEDANG
34,15,21,72,6,SEDANG
56,19,18,65,8,SEDANG
51,16,15,83,4,SEDANG
52,19,18,77,5,SEDANG
71,19,21,59,5,SEDANG
52,19,18,63,4,SEDANG
53,19,16,66,4,SEDANG
51,18,16,64,5,SEDANG
54,17,16,75,6,SEDANG
56,18,15,77,3,SEDANG
64,18,19,70,5,SEDANG
52,17,19,79,6,SEDANG
54,20,16,72,3,SEDANG
55,21,16,64,4,SEDANG
59,16,20,61,5,SEDANG
59,18,18,66,5,SEDANG
53,19,15,78,3,SEDANG
57,20,16,77,6,SEDANG
57,18,17,63,5,SEDANG
60,19,21,63,8,SEDANG
60,16,31,81,7,SEDANG
59,17,22,55,9,SEDANG
50,17,22,65,7,SEDANG
53,17,20,62,6,SEDANG
52,17,20,82,4,SEDANG
53,17,19,68,5,SEDANG
71,17,30,55,6,SEDANG
54,19,20,77,5,SEDANG
73,18,37,76,7,SEDANG
52,19,17,74,6,SEDANG
55,20,20,79,5,SEDANG
42,20,23,73,6,SEDANG
64,19,33,66,6,SEDANG
58,20,24,71,5,SEDANG
40,19,21,67,5,SEDANG
64,20,27,57,9,SEDANG
44,18,18,81,3,SEDANG
52,19,27,71,5,SEDANG
59,22,27,80,5,SEDANG
46,20,22,79,9,SEDANG
28,20,19,78,6,SEDANG
52,22,24,66,4,SEDANG
48,21,23,82,4,SEDANG
52,28,20,72,7,SEDANG
67,24,37,53,7,SEDANG
66,27,23,28,4,SEDANG
72,22,29,21,5,SEDANG
64,14,20,74,4,SEDANG
63,14,24,80,4,SEDANG
67,12,18,45,9,SEDANG
53,11,20,65,3,SEDANG
74,11,19,34,7,SEDANG
79,10,18,38,2,SEDANG
74,12,13,48,2,SEDANG
49,14,23,72,4,SEDANG
59,16,20,65,3,SEDANG
59,15,20,75,4,SEDANG
61,16,38,61,4,SEDANG
54,12,19,71,2,SEDANG
73,19,20,48,2,SEDANG
63,14,26,84,3,SEDANG
60,15,27,64,2,SEDANG
53,14,20,73,3,SEDANG
57,15,21,64,3,SEDANG
59,18,22,65,15,SEDANG
63,13,29,71,3,SEDANG
49,16,23,66,4,SEDANG
50,16,21,82,4,SEDANG
68,14,27,81,4,SEDANG
54,15,17,80,3,SEDANG
50,15,15,69,3,SEDANG
52,12,22,64,10,SEDANG
48,11,19,80,11,SEDANG
59,25,34,65,10,SEDANG
56,21,22,64,11,SEDANG
64,20,26,48,21,SEDANG
40,6,25,79,16,SEDANG
51,9,31,76,20,SEDANG
45,7,27,72,14,SEDANG
47,7,24,84,17,SEDANG
46,14,27,70,18,SEDANG
57,16,32,81,27,SEDANG
35,7,17,70,14,SEDANG
65,13,36,60,12,SEDANG
38,7,34,82,15,SEDANG
35,7,22,70,13,SEDANG
55,4,30,61,21,SEDANG
48,7,23,78,18,SEDANG
55,7,21,66,16,SEDANG
49,8,14,75,15,SEDANG
58,13,32,60,14,SEDANG
50,6,18,69,15,SEDANG
53,5,22,72,14,SEDANG
37,5,17,76,15,SEDANG
48,8,22,64,22,SEDANG
67,8,22,72,18,SEDANG
55,9,25,68,21,SEDANG
50,9,16,70,17,SEDANG
52,11,16,68,16,SEDANG
62,12,25,79,17,SEDANG
62,13,23,66,13,SEDANG
65,9,20,76,17,SEDANG
63,10,20,75,13,SEDANG
63,14,20,62,15,SEDANG
62,8,28,69,21,SEDANG
61,11,24,73,15,SEDANG
60,21,22,72,15,SEDANG
62,23,24,51,19,SEDANG
64,23,27,65,19,SEDANG
66,22,23,49,16,SEDANG
62,22,22,64,22,SEDANG
57,19,18,69,12,SEDANG
59,20,24,79,21,SEDANG
64,25,23,42,15,SEDANG
62,22,20,52,19,SEDANG
66,23,25,75,25,SEDANG
66,14,15,73,13,SEDANG
65,14,27,53,17,SEDANG
64,20,26,63,15,SEDANG
63,21,22,64,13,SEDANG
64,20,22,62,18,SEDANG
61,20,22,63,20,SEDANG
62,20,20,63,19,SEDANG
57,19,16,65,17,SEDANG
63,22,24,73,21,SEDANG
66,20,21,66,14,SEDANG
73,21,24,43,14,SEDANG
66,17,26,81,19,SEDANG
62,16,22,76,14,SEDANG
62,20,23,74,18,SEDANG
61,17,29,53,18,SEDANG
55,19,22,65,19,SEDANG
52,17,14,73,12,SEDANG
57,18,22,89,16,SEDANG
61,16,26,53,14,SEDANG
56,19,20,58,12,SEDANG
68,19,16,50,10,SEDANG
58,18,24,67,16,SEDANG
57,18,20,61,20,SEDANG
54,24,20,69,16,SEDANG
58,22,16,75,12,SEDANG
67,25,24,71,17,SEDANG
59,20,21,64,14,SEDANG
73,18,16,58,14,SEDANG
62,18,17,65,14,SEDANG
62,24,18,75,16,SEDANG
62,20,15,56,16,SEDANG
59,19,16,65,21,SEDANG
56,19,17,74,23,SEDANG
69,18,19,73,16,SEDANG
66,19,16,72,14,SEDANG
62,19,18,79,13,SEDANG
66,19,22,78,17,SEDANG
58,18,20,70,12,SEDANG
62,20,22,76,12,SEDANG
55,23,16,66,16,SEDANG
52,22,15,73,17,SEDANG
63,25,14,61,18,SEDANG
61,21,13,56,12,SEDANG
68,22,28,72,12,SEDANG
62,21,21,43,14,SEDANG
59,28,18,58,14,SEDANG
49,22,13,86,14,SEDANG
41,22,14,70,12,SEDANG
56,20,21,86,17,SEDANG
55,22,22,85,21,SEDANG
62,22,17,78,15,SEDANG
73,24,20,63,20,SEDANG
57,24,16,66,12,SEDANG
55,23,12,80,14,SEDANG
48,21,15,63,15,SEDANG
52,25,14,66,13,SEDANG
67,21,21,72,19,SEDANG
64,22,21,69,13,SEDANG
64,22,20,66,15,SEDANG
67,23,22,48,14,SEDANG
53,20,17,81,14,SEDANG
62,23,20,64,14,SEDANG
53,22,18,69,19,SEDANG
63,32,22,59,13,SEDANG
41,23,9,69,11,SEDANG
61,26,20,56,18,SEDANG
54,23,20,73,14,SEDANG
55,23,23,64,11,SEDANG
51,34,21,74,20,SEDANG
47,10,18,68,19,SEDANG
58,6,12,67,14,SEDANG
47,6,9,68,12,SEDANG
51,11,9,84,10,SEDANG
50,2,7,71,10,SEDANG
43,4,5,72,7,SEDANG
74,14,6,47,11,SEDANG
58,8,6,74,12,SEDANG
55,16,5,65,9,SEDANG
60,16,6,61,10,SEDANG
60,15,6,61,12,SEDANG
70,13,8,54,13,SEDANG
61,17,12,67,17,SEDANG
63,16,6,61,10,SEDANG
53,15,7,77,11,SEDANG
76,19,13,64,23,SEDANG
70,18,10,61,19,SEDANG
68,20,5,57,11,SEDANG
75,20,6,53,15,SEDANG
69,18,6,65,11,SEDANG
60,20,6,59,15,SEDANG
54,16,8,67,12,SEDANG
62,17,6,60,9,SEDANG
64,21,6,55,16,SEDANG
68,17,6,66,10,SEDANG
59,19,8,58,12,SEDANG
64,18,7,60,11,SEDANG
56,19,7,62,14,SEDANG
71,18,9,65,11,SEDANG
61,19,5,61,11,SEDANG
67,20,7,70,12,SEDANG
70,23,6,55,16,SEDANG
65,19,6,72,12,SEDANG
64,18,6,58,14,SEDANG
54,15,6,65,12,SEDANG
68,19,14,49,17,SEDANG
52,17,10,66,13,SEDANG
52,20,5,66,11,SEDANG
57,20,6,68,14,SEDANG
63,20,6,60,11,SEDANG
58,18,8,65,13,SEDANG
68,18,7,70,22,SEDANG
55,16,6,69,12,SEDANG
57,16,7,59,14,SEDANG
60,22,5,68,11,SEDANG
46,18,8,64,9,SEDANG
37,15,6,82,11,SEDANG
54,20,7,78,12,SEDANG
62,19,6,65,11,SEDANG
42,16,5,70,10,SEDANG
52,19,6,66,11,SEDANG
53,22,6,69,12,SEDANG
50,17,9,71,14,SEDANG
53,18,8,75,16,SEDANG
42,17,5,70,11,SEDANG
52,20,5,68,13,SEDANG
46,20,5,83,11,SEDANG
44,18,6,74,11,SEDANG
61,21,9,75,11,SEDANG
63,18,8,63,20,SEDANG
60,20,7,70,17,SEDANG
56,19,7,76,20,SEDANG
57,18,11,71,15,SEDANG
41,18,8,77,20,SEDANG
40,16,9,77,15,SEDANG
56,13,29,62,15,SEDANG
52,20,16,16,30,SEDANG
50,23,19,19,28,SEDANG
53,24,15,14,30,SEDANG
52,22,15,18,27,SEDANG
52,23,10,20,33,SEDANG
52,20,12,19,28,SEDANG
52,24,16,18,31,SEDANG
52,29,9,21,27,SEDANG
66,19,28,133,18,TIDAK SEHAT
70,20,34,131,20,TIDAK SEHAT
73,23,33,138,29,TIDAK SEHAT
54,14,32,133,18,TIDAK SEHAT
69,31,38,146,36,TIDAK SEHAT
64,31,34,139,18,TIDAK SEHAT
65,30,31,128,23,TIDAK SEHAT
64,27,33,143,16,TIDAK SEHAT
75,40,27,153,15,TIDAK SEHAT
77,25,41,147,29,TIDAK SEHAT
71,29,34,132,25,TIDAK SEHAT
70,27,34,137,26,TIDAK SEHAT
66,37,28,139,20,TIDAK SEHAT
78,54,27,144,21,TIDAK SEHAT
55,29,32,130,21,TIDAK SEHAT
65,2,34,140,19,TIDAK SEHAT
63,5,37,145,20,TIDAK SEHAT
58,42,19,149,4,TIDAK SEHAT
54,13,20,134,9,TIDAK SEHAT
66,16,21,141,7,TIDAK SEHAT
56,16,23,141,6,TIDAK SEHAT
61,24,21,138,6,TIDAK SEHAT
63,20,21,137,7,TIDAK SEHAT
56,20,24,150,5,TIDAK SEHAT
61,15,28,198,8,TIDAK SEHAT
57,18,20,144,9,TIDAK SEHAT
75,26,38,142,27,TIDAK SEHAT
67,28,34,137,23,TIDAK SEHAT
59,30,33,134,19,TIDAK SEHAT
53,19,20,138,6,TIDAK SEHAT
66,29,34,138,21,TIDAK SEHAT
70,26,34,136,25,TIDAK SEHAT
69,30,37,145,35,TIDAK SEHAT
75,42,27,151,16,TIDAK SEHAT
67,19,20,128,11,TIDAK SEHAT
56,20,23,148,5,TIDAK SEHAT
57,20,23,147,5,TIDAK SEHAT
66,26,34,143,18,TIDAK SEHAT
56,19,24,156,5,TIDAK SEHAT
56,16,22,140,6,TIDAK SEHAT
52,26,19,138,5,TIDAK SEHAT
76,24,39,145,29,TIDAK SEHAT
58,23,30,129,26,TIDAK SEHAT
64,30,31,128,22,TIDAK SEHAT
55,16,22,140,6,TIDAK SEHAT
69,27,34,138,27,TIDAK SEHAT
73,53,40,139,13,TIDAK SEHAT
75,24,37,143,29,TIDAK SEHAT
67,17,19,133,8,TIDAK SEHAT
63,14,35,144,18,TIDAK SEHAT
64,25,32,141,16,TIDAK SEHAT
71,26,33,134,26,TIDAK SEHAT
72,39,27,148,16,TIDAK SEHAT
67,34,29,138,21,TIDAK SEHAT
64,28,32,142,16,TIDAK SEHAT
68,41,27,140,20,TIDAK SEHAT
70,20,33,131,20,TIDAK SEHAT
64,19,19,133,7,TIDAK SEHAT
61,20,21,139,6,TIDAK SEHAT
64,3,35,142,19,TIDAK SEHAT
56,20,23,149,5,TIDAK SEHAT
60,25,19,134,10,TIDAK SEHAT
56,19,23,149,5,TIDAK SEHAT
65,16,21,141,6,TIDAK SEHAT
56,21,23,149,4,TIDAK SEHAT
61,22,21,137,6,TIDAK SEHAT
70,28,36,143,34,TIDAK SEHAT
65,34,29,140,18,TIDAK SEHAT
69,30,38,146,35,TIDAK SEHAT
61,19,21,137,6,TIDAK SEHAT
56,25,32,124,23,TIDAK SEHAT
64,19,20,134,7,TIDAK SEHAT
70,27,34,135,25,TIDAK SEHAT
59,31,20,142,5,TIDAK SEHAT
57,20,23,147,5,TIDAK SEHAT
72,23,33,138,29,TIDAK SEHAT
65,18,28,133,18,TIDAK SEHAT
69,19,33,130,20,TIDAK SEHAT
64,31,34,139,19,TIDAK SEHAT
63,19,21,137,7,TIDAK SEHAT
64,30,31,129,22,TIDAK SEHAT
72,36,28,150,15,TIDAK SEHAT
63,31,33,126,22,TIDAK SEHAT
64,29,33,140,17,TIDAK SEHAT
65,16,20,141,7,TIDAK SEHAT
72,25,33,135,27,TIDAK SEHAT
70,50,44,137,11,TIDAK SEHAT
76,47,27,148,18,TIDAK SEHAT
62,19,29,129,28,TIDAK SEHAT
56,16,23,141,5,TIDAK SEHAT
58,36,19,145,4,TIDAK SEHAT
67,18,18,130,8,TIDAK SEHAT
53,13,19,134,8,TIDAK SEHAT
72,48,40,142,11,TIDAK SEHAT
63,21,19,133,7,TIDAK SEHAT
68,19,32,131,19,TIDAK SEHAT
57,18,20,143,8,TIDAK SEHAT
57,17,20,144,8,TIDAK SEHAT
55,16,22,140,6,TIDAK SEHAT
55,12,32,134,18,TIDAK SEHAT
59,22,20,139,6,TIDAK SEHAT
65,16,21,140,7,TIDAK SEHAT
64,18,28,133,18,TIDAK SEHAT
51,14,29,132,16,TIDAK SEHAT
72,27,36,136,26,TIDAK SEHAT
54,13,20,134,8,TIDAK SEHAT
60,15,27,197,7,TIDAK SEHAT
63,21,33,143,16,TIDAK SEHAT
72,28,35,135,25,TIDAK SEHAT
53,19,20,138,6,TIDAK SEHAT
66,31,36,143,28,TIDAK SEHAT
72,22,33,137,28,TIDAK SEHAT
51,21,19,135,6,TIDAK SEHAT
64,19,21,139,6,TIDAK SEHAT
60,19,20,139,7,TIDAK SEHAT
67,40,23,151,10,TIDAK SEHAT
65,21,29,136,17,TIDAK SEHAT
54,15,28,128,16,TIDAK SEHAT
74,47,28,142,20,TIDAK SEHAT
65,30,34,138,19,TIDAK SEHAT
56,16,22,141,6,TIDAK SEHAT
58,17,20,143,8,TIDAK SEHAT
70,26,34,136,25,TIDAK SEHAT
72,23,33,137,28,TIDAK SEHAT
63,4,36,144,19,TIDAK SEHAT
52,13,32,129,19,TIDAK SEHAT
64,28,30,128,23,TIDAK SEHAT
59,23,20,137,6,TIDAK SEHAT
65,29,30,128,22,TIDAK SEHAT
54,15,27,127,15,TIDAK SEHAT
71,25,34,140,30,TIDAK SEHAT
65,30,34,137,19,TIDAK SEHAT
65,32,30,140,18,TIDAK SEHAT
65,29,31,128,23,TIDAK SEHAT
54,14,31,133,18,TIDAK SEHAT
74,42,31,149,13,TIDAK SEHAT
66,32,32,141,17,TIDAK SEHAT
76,25,40,146,28,TIDAK SEHAT
59,16,30,133,18,TIDAK SEHAT
56,18,23,147,5,TIDAK SEHAT
60,7,33,137,18,TIDAK SEHAT
77,53,28,143,20,TIDAK SEHAT
67,33,30,138,22,TIDAK SEHAT
60,29,20,141,5,TIDAK SEHAT
64,28,33,141,16,TIDAK SEHAT
56,30,33,128,21,TIDAK SEHAT
64,32,32,139,18,TIDAK SEHAT
62,31,33,125,22,TIDAK SEHAT
55,23,19,136,6,TIDAK SEHAT
65,22,28,131,19,TIDAK SEHAT
69,30,36,142,33,TIDAK SEHAT
69,27,33,136,25,TIDAK SEHAT
64,30,31,127,22,TIDAK SEHAT
65,33,29,140,18,TIDAK SEHAT
63,4,36,143,19,TIDAK SEHAT
72,28,35,135,25,TIDAK SEHAT
66,19,25,131,16,TIDAK SEHAT
68,21,33,133,19,TIDAK SEHAT
71,25,33,137,27,TIDAK SEHAT
63,19,21,137,7,TIDAK SEHAT
69,29,33,131,24,TIDAK SEHAT
53,15,19,134,8,TIDAK SEHAT
59,18,20,141,8,TIDAK SEHAT
72,39,27,149,16,TIDAK SEHAT
65,19,31,130,24,TIDAK SEHAT
66,28,32,131,24,TIDAK SEHAT
61,22,21,137,6,TIDAK SEHAT
61,10,32,173,13,TIDAK SEHAT
70,29,33,131,24,TIDAK SEHAT
62,19,21,137,6,TIDAK SEHAT
66,31,36,143,28,TIDAK SEHAT
73,47,27,142,20,TIDAK SEHAT
61,13,29,187,10,TIDAK SEHAT
76,45,27,149,17,TIDAK SEHAT
58,17,26,174,6,TIDAK SEHAT
72,22,33,137,28,TIDAK SEHAT
61,19,29,128,29,TIDAK SEHAT
65,32,30,140,18,TIDAK SEHAT
65,19,28,132,19,TIDAK SEHAT
57,31,34,126,21,TIDAK SEHAT
56,19,23,148,5,TIDAK SEHAT
66,37,27,140,19,TIDAK SEHAT
62,22,20,135,6,TIDAK SEHAT
51,14,20,133,10,TIDAK SEHAT
64,32,32,139,18,TIDAK SEHAT
72,23,33,137,28,TIDAK SEHAT
63,29,31,128,22,TIDAK SEHAT
56,29,31,129,21,TIDAK SEHAT
75,45,29,140,22,TIDAK SEHAT
67,24,32,129,21,TIDAK SEHAT
65,17,21,139,7,TIDAK SEHAT
63,15,20,139,7,TIDAK SEHAT
64,24,31,139,16,TIDAK SEHAT
70,24,34,135,24,TIDAK SEHAT
64,30,31,130,22,TIDAK SEHAT
68,29,32,130,24,TIDAK SEHAT
69,27,34,137,25,TIDAK SEHAT
67,34,29,138,21,TIDAK SEHAT
62,17,29,133,18,TIDAK SEHAT
64,3,35,141,19,TIDAK SEHAT
69,27,34,139,28,TIDAK SEHAT
74,53,38,140,14,TIDAK SEHAT
73,23,33,138,29,TIDAK SEHAT
71,25,34,140,30,TIDAK SEHAT
70,28,36,143,33,TIDAK SEHAT
70,27,36,142,33,TIDAK SEHAT
64,23,30,138,16,TIDAK SEHAT
54,15,27,127,15,TIDAK SEHAT
72,23,33,137,28,TIDAK SEHAT
69,30,37,144,34,TIDAK SEHAT
64,29,33,140,17,TIDAK SEHAT
57,19,20,142,8,TIDAK SEHAT
64,19,28,131,22,TIDAK SEHAT
65,19,19,131,8,TIDAK SEHAT
70,27,34,134,25,TIDAK SEHAT
65,35,29,139,19,TIDAK SEHAT
74,42,31,149,13,TIDAK SEHAT
70,25,37,145,22,TIDAK SEHAT
56,20,23,149,5,TIDAK SEHAT
61,22,21,138,6,TIDAK SEHAT
64,41,22,150,8,TIDAK SEHAT
71,28,39,146,33,TIDAK SEHAT
77,53,29,143,19,TIDAK SEHAT
68,26,35,144,20,TIDAK SEHAT
58,17,22,139,6,TIDAK SEHAT
70,22,34,133,22,TIDAK SEHAT
56,16,22,140,6,TIDAK SEHAT
68,27,33,138,23,TIDAK SEHAT
76,53,31,142,18,TIDAK SEHAT
64,27,32,142,16,TIDAK SEHAT
57,29,32,132,20,TIDAK SEHAT
69,19,33,131,19,TIDAK SEHAT
76,48,27,147,18,TIDAK SEHAT
64,30,31,127,22,TIDAK SEHAT
60,15,27,194,7,TIDAK SEHAT
56,18,20,145,8,TIDAK SEHAT
65,19,19,131,8,TIDAK SEHAT
76,47,27,148,18,TIDAK SEHAT
67,34,29,137,21,TIDAK SEHAT
65,32,30,140,18,TIDAK SEHAT
56,25,22,149,4,TIDAK SEHAT
68,29,32,130,24,TIDAK SEHAT
67,19,32,130,22,TIDAK SEHAT
64,2,34,140,19,TIDAK SEHAT
72,22,33,136,26,TIDAK SEHAT
54,17,22,139,6,TIDAK SEHAT
53,13,20,133,8,TIDAK SEHAT
77,52,27,143,21,TIDAK SEHAT
56,25,32,125,23,TIDAK SEHAT
64,32,32,139,18,TIDAK SEHAT
65,29,31,128,23,TIDAK SEHAT
65,18,28,131,18,TIDAK SEHAT
67,41,40,138,13,TIDAK SEHAT
67,35,29,137,21,TIDAK SEHAT
59,22,21,138,6,TIDAK SEHAT
70,26,34,137,26,TIDAK SEHAT
60,20,26,187,7,TIDAK SEHAT
70,29,34,133,25,TIDAK SEHAT
65,29,31,129,23,TIDAK SEHAT
58,23,30,129,25,TIDAK SEHAT
61,19,20,138,7,TIDAK SEHAT
70,29,34,132,24,TIDAK SEHAT
58,19,22,139,6,TIDAK SEHAT
69,29,37,144,34,TIDAK SEHAT
56,19,22,148,6,TIDAK SEHAT
66,19,29,132,18,TIDAK SEHAT
64,19,28,131,21,TIDAK SEHAT
65,29,31,128,23,TIDAK SEHAT
68,40,23,151,10,TIDAK SEHAT
64,18,21,140,6,TIDAK SEHAT
59,30,20,142,5,TIDAK SEHAT
74,39,27,151,15,TIDAK SEHAT
57,33,20,149,4,TIDAK SEHAT
60,17,20,142,8,TIDAK SEHAT
65,22,28,131,19,TIDAK SEHAT
57,19,20,142,8,TIDAK SEHAT
60,23,21,138,6,TIDAK SEHAT
63,4,36,144,19,TIDAK SEHAT
74,41,28,151,14,TIDAK SEHAT
58,20,22,144,5,TIDAK SEHAT
56,23,20,137,6,TIDAK SEHAT
65,16,29,135,18,TIDAK SEHAT
66,19,28,132,18,TIDAK SEHAT
58,20,21,139,6,TIDAK SEHAT
62,21,20,135,8,TIDAK SEHAT
65,19,28,132,18,TIDAK SEHAT
67,29,32,129,23,TIDAK SEHAT
63,4,36,144,19,TIDAK SEHAT
70,29,35,136,28,TIDAK SEHAT
72,24,33,136,27,TIDAK SEHAT
68,19,33,130,21,TIDAK SEHAT
56,16,22,141,6,TIDAK SEHAT
64,16,21,141,6,TIDAK SEHAT
57,41,19,149,4,TIDAK SEHAT
59,29,32,134,19,TIDAK SEHAT
65,18,28,133,18,TIDAK SEHAT
70,22,34,131,21,TIDAK SEHAT
55,29,31,129,21,TIDAK SEHAT
73,23,34,139,29,TIDAK SEHAT
56,25,32,125,23,TIDAK SEHAT
54,23,19,136,6,TIDAK SEHAT
62,5,36,144,19,TIDAK SEHAT
60,29,31,128,22,TIDAK SEHAT
61,23,21,137,6,TIDAK SEHAT
56,18,23,146,5,TIDAK SEHAT
52,17,19,134,7,TIDAK SEHAT
75,26,38,142,27,TIDAK SEHAT
59,21,29,129,27,TIDAK SEHAT
68,14,34,133,19,TIDAK SEHAT
61,23,21,137,6,TIDAK SEHAT
60,25,20,139,5,TIDAK SEHAT
57,17,22,140,6,TIDAK SEHAT
69,30,38,146,35,TIDAK SEHAT
76,46,27,148,17,TIDAK SEHAT
57,19,20,142,8,TIDAK SEHAT
61,22,21,137,6,TIDAK SEHAT
54,13,32,134,18,TIDAK SEHAT
66,29,31,128,23,TIDAK SEHAT
65,16,20,141,7,TIDAK SEHAT
60,25,19,133,10,TIDAK SEHAT
70,23,34,133,22,TIDAK SEHAT
63,20,34,143,17,TIDAK SEHAT
67,19,30,132,18,TIDAK SEHAT
68,31,37,145,35,TIDAK SEHAT
54,13,32,133,18,TIDAK SEHAT
64,16,21,141,6,TIDAK SEHAT
61,21,19,134,9,TIDAK SEHAT
68,29,34,134,22,TIDAK SEHAT
56,14,31,130,18,TIDAK SEHAT
66,27,33,140,19,TIDAK SEHAT
65,28,32,144,15,TIDAK SEHAT
56,19,23,149,5,TIDAK SEHAT
70,20,33,132,21,TIDAK SEHAT
59,25,17,130,13,TIDAK SEHAT
70,28,34,132,25,TIDAK SEHAT
57,37,19,149,4,TIDAK SEHAT
73,27,39,146,32,TIDAK SEHAT
74,27,39,146,31,TIDAK SEHAT
52,13,32,129,19,TIDAK SEHAT
61,16,27,195,8,TIDAK SEHAT
69,29,27,171,12,TIDAK SEHAT
56,30,33,128,21,TIDAK SEHAT
56,17,23,144,5,TIDAK SEHAT
69,30,38,146,35,TIDAK SEHAT
66,29,34,138,21,TIDAK SEHAT
64,2,34,140,19,TIDAK SEHAT
55,28,32,129,21,TIDAK SEHAT
71,32,27,165,13,TIDAK SEHAT
63,17,34,143,17,TIDAK SEHAT
70,43,27,141,20,TIDAK SEHAT
65,34,30,139,19,TIDAK SEHAT
66,38,38,138,15,TIDAK SEHAT
57,36,20,149,4,TIDAK SEHAT
65,28,31,128,22,TIDAK SEHAT
59,18,22,146,5,TIDAK SEHAT
74,42,30,138,22,TIDAK SEHAT
64,28,32,142,16,TIDAK SEHAT
69,27,33,137,25,TIDAK SEHAT
60,19,29,129,29,TIDAK SEHAT
65,21,28,131,19,TIDAK SEHAT
71,29,33,132,24,TIDAK SEHAT
60,20,22,141,6,TIDAK SEHAT
72,22,33,137,27,TIDAK SEHAT
64,27,33,142,16,TIDAK SEHAT
64,33,31,139,18,TIDAK SEHAT
58,39,19,147,4,TIDAK SEHAT
64,31,33,139,18,TIDAK SEHAT
55,15,22,140,6,TIDAK SEHAT
60,25,19,134,10,TIDAK SEHAT
63,19,21,137,7,TIDAK SEHAT
67,27,33,139,21,TIDAK SEHAT
63,12,35,144,18,TIDAK SEHAT
55,27,32,127,22,TIDAK SEHAT
57,17,20,143,8,TIDAK SEHAT
60,29,31,128,22,TIDAK SEHAT
64,16,20,141,7,TIDAK SEHAT
64,32,32,139,18,TIDAK SEHAT
65,35,28,139,19,TIDAK SEHAT
54,13,32,133,18,TIDAK SEHAT
58,33,21,163,5,TIDAK SEHAT
51,14,20,133,10,TIDAK SEHAT
71,21,33,135,25,TIDAK SEHAT
59,21,29,129,27,TIDAK SEHAT
72,27,36,136,26,TIDAK SEHAT
62,21,21,137,6,TIDAK SEHAT
71,25,34,140,31,TIDAK SEHAT
54,13,20,134,8,TIDAK SEHAT
69,29,33,131,24,TIDAK SEHAT
56,16,23,142,5,TIDAK SEHAT
65,35,29,139,19,TIDAK SEHAT
56,16,22,140,6,TIDAK SEHAT
64,2,34,141,19,TIDAK SEHAT
61,19,28,129,28,TIDAK SEHAT
67,34,29,136,21,TIDAK SEHAT
56,19,23,149,5,TIDAK SEHAT
69,20,33,131,19,TIDAK SEHAT
61,6,36,143,19,TIDAK SEHAT
61,22,21,137,6,TIDAK SEHAT
66,41,22,150,9,TIDAK SEHAT
77,50,27,142,21,TIDAK SEHAT
68,30,31,137,23,TIDAK SEHAT
73,23,34,139,29,TIDAK SEHAT
61,19,21,137,6,TIDAK SEHAT
59,21,29,129,27,TIDAK SEHAT
52,26,19,138,5,TIDAK SEHAT
64,30,31,128,22,TIDAK SEHAT
53,13,32,132,18,TIDAK SEHAT
55,29,32,130,20,TIDAK SEHAT
57,29,31,129,21,TIDAK SEHAT
56,17,23,144,5,TIDAK SEHAT
58,17,26,178,6,TIDAK SEHAT
65,29,34,138,20,TIDAK SEHAT
72,24,33,137,28,TIDAK SEHAT
59,21,20,140,7,TIDAK SEHAT
70,22,34,133,22,TIDAK SEHAT
72,23,33,137,28,TIDAK SEHAT
52,13,32,129,19,TIDAK SEHAT
52,13,32,128,20,TIDAK SEHAT
66,29,31,126,22,TIDAK SEHAT
55,29,31,129,21,TIDAK SEHAT
58,36,20,158,4,TIDAK SEHAT
75,45,29,139,22,TIDAK SEHAT
65,25,33,139,17,TIDAK SEHAT
56,16,22,140,6,TIDAK SEHAT
68,38,31,140,18,TIDAK SEHAT
63,19,20,136,7,TIDAK SEHAT
69,33,29,148,15,TIDAK SEHAT
61,23,21,137,6,TIDAK SEHAT
64,16,29,127,18,TIDAK SEHAT
53,13,20,133,9,TIDAK SEHAT
54,13,20,134,8,TIDAK SEHAT
70,25,34,135,24,TIDAK SEHAT
61,22,21,138,6,TIDAK SEHAT
67,12,34,134,19,TIDAK SEHAT
64,31,30,141,17,TIDAK SEHAT
69,40,24,151,11,TIDAK SEHAT
70,27,34,135,25,TIDAK SEHAT
65,33,29,140,18,TIDAK SEHAT
57,29,31,129,21,TIDAK SEHAT
55,28,32,129,21,TIDAK SEHAT
65,16,21,140,6,TIDAK SEHAT
57,16,22,141,6,TIDAK SEHAT
58,15,30,133,18,TIDAK SEHAT
53,13,20,133,9,TIDAK SEHAT
75,25,39,145,28,TIDAK SEHAT
64,3,35,142,19,TIDAK SEHAT
64,25,32,141,16,TIDAK SEHAT
58,19,20,142,8,TIDAK SEHAT
75,45,29,139,22,TIDAK SEHAT
64,12,32,138,18,TIDAK SEHAT
59,26,24,177,6,TIDAK SEHAT
71,28,34,134,25,TIDAK SEHAT
64,30,34,138,18,TIDAK SEHAT
64,30,33,139,17,TIDAK SEHAT
70,28,34,133,25,TIDAK SEHAT
52,23,19,136,6,TIDAK SEHAT
56,26,22,149,4,TIDAK SEHAT
66,16,20,136,7,TIDAK SEHAT
68,27,33,134,25,TIDAK SEHAT
67,35,29,137,21,TIDAK SEHAT
69,27,33,136,25,TIDAK SEHAT
59,16,22,141,6,TIDAK SEHAT
56,14,31,130,18,TIDAK SEHAT
53,13,32,131,18,TIDAK SEHAT
57,34,20,149,4,TIDAK SEHAT
72,24,33,136,28,TIDAK SEHAT
68,44,37,138,14,TIDAK SEHAT
65,18,28,133,18,TIDAK SEHAT
60,15,27,195,7,TIDAK SEHAT
70,23,34,134,23,TIDAK SEHAT
63,19,30,129,27,TIDAK SEHAT
68,19,31,131,19,TIDAK SEHAT
65,7,31,137,18,TIDAK SEHAT
61,19,28,129,27,TIDAK SEHAT
68,28,32,133,24,TIDAK SEHAT
64,19,30,129,26,TIDAK SEHAT
67,34,29,136,21,TIDAK SEHAT
56,16,23,142,5,TIDAK SEHAT
63,18,27,191,9,TIDAK SEHAT
67,19,29,132,18,TIDAK SEHAT
58,17,26,174,6,TIDAK SEHAT
63,8,36,144,19,TIDAK SEHAT
74,48,28,142,20,TIDAK SEHAT
64,23,30,138,16,TIDAK SEHAT
52,17,19,134,7,TIDAK SEHAT
59,18,20,140,8,TIDAK SEHAT
53,13,20,133,9,TIDAK SEHAT
57,29,31,129,21,TIDAK SEHAT
59,25,18,132,12,TIDAK SEHAT
72,23,33,138,29,TIDAK SEHAT
65,19,28,132,19,TIDAK SEHAT
61,30,33,136,18,TIDAK SEHAT
62,41,20,149,6,TIDAK SEHAT
56,15,31,133,18,TIDAK SEHAT
59,30,20,141,5,TIDAK SEHAT
63,28,31,126,23,TIDAK SEHAT
51,14,20,133,10,TIDAK SEHAT
64,29,30,128,23,TIDAK SEHAT
61,19,20,138,7,TIDAK SEHAT
64,26,33,143,16,TIDAK SEHAT
61,19,20,139,7,TIDAK SEHAT
60,19,20,140,7,TIDAK SEHAT
71,28,33,132,25,TIDAK SEHAT
69,48,45,137,10,TIDAK SEHAT
64,19,28,131,21,TIDAK SEHAT
56,16,22,140,6,TIDAK SEHAT
56,16,22,141,6,TIDAK SEHAT
56,30,33,128,21,TIDAK SEHAT
75,43,27,150,16,TIDAK SEHAT
60,29,31,128,22,TIDAK SEHAT
74,23,35,141,29,TIDAK SEHAT
59,25,18,132,12,TIDAK SEHAT
54,14,30,130,17,TIDAK SEHAT
69,17,34,132,19,TIDAK SEHAT
65,16,21,140,7,TIDAK SEHAT
64,21,19,133,7,TIDAK SEHAT
67,9,34,136,19,TIDAK SEHAT
51,23,19,136,5,TIDAK SEHAT
64,28,33,141,16,TIDAK SEHAT
67,31,36,143,29,TIDAK SEHAT
66,44,43,130,14,TIDAK SEHAT
61,17,29,133,18,TIDAK SEHAT
54,14,31,133,18,TIDAK SEHAT
63,31,33,126,22,TIDAK SEHAT
66,19,23,130,13,TIDAK SEHAT
64,30,31,131,21,TIDAK SEHAT
75,24,37,143,29,TIDAK SEHAT
64,28,33,141,16,TIDAK SEHAT
66,27,33,140,20,TIDAK SEHAT
64,19,20,134,7,TIDAK SEHAT
56,16,22,140,6,TIDAK SEHAT
57,18,25,164,5,TIDAK SEHAT
60,24,20,138,5,TIDAK SEHAT
65,24,29,130,20,TIDAK SEHAT
73,23,34,139,29,TIDAK SEHAT
68,29,32,130,24,TIDAK SEHAT
63,19,21,137,7,TIDAK SEHAT
67,28,32,132,24,TIDAK SEHAT
66,36,28,138,20,TIDAK SEHAT
65,17,28,134,18,TIDAK SEHAT
65,19,19,132,7,TIDAK SEHAT
57,9,32,135,18,TIDAK SEHAT
67,28,32,133,24,TIDAK SEHAT
55,14,21,137,7,TIDAK SEHAT
64,30,33,136,18,TIDAK SEHAT
55,29,32,128,21,TIDAK SEHAT
64,31,33,139,18,TIDAK SEHAT
55,15,22,139,6,TIDAK SEHAT
56,20,23,148,5,TIDAK SEHAT
69,31,32,134,23,TIDAK SEHAT
53,13,32,131,18,TIDAK SEHAT
54,15,27,127,15,TIDAK SEHAT
52,13,32,129,19,TIDAK SEHAT
56,17,20,143,8,TIDAK SEHAT
52,23,19,136,6,TIDAK SEHAT
55,29,31,129,21,TIDAK SEHAT
73,27,39,146,31,TIDAK SEHAT
51,20,19,135,6,TIDAK SEHAT
64,32,32,139,18,TIDAK SEHAT
64,2,34,141,19,TIDAK SEHAT
63,17,28,133,18,TIDAK SEHAT
61,17,29,133,18,TIDAK SEHAT
66,19,28,132,18,TIDAK SEHAT
65,20,28,134,17,TIDAK SEHAT
75,24,37,143,29,TIDAK SEHAT
52,27,19,138,5,TIDAK SEHAT
61,23,21,138,6,TIDAK SEHAT
70,26,34,136,25,TIDAK SEHAT
56,29,31,129,21,TIDAK SEHAT
70,22,34,131,21,TIDAK SEHAT
63,4,36,144,19,TIDAK SEHAT
70,26,34,131,23,TIDAK SEHAT
74,39,27,152,15,TIDAK SEHAT
68,28,34,137,23,TIDAK SEHAT
62,19,20,137,7,TIDAK SEHAT
71,27,33,133,26,TIDAK SEHAT
67,26,27,177,11,TIDAK SEHAT
70,21,34,131,20,TIDAK SEHAT
66,30,34,136,20,TIDAK SEHAT
64,30,33,136,19,TIDAK SEHAT
69,30,36,140,31,TIDAK SEHAT
76,48,28,141,21,TIDAK SEHAT
55,27,31,129,22,TIDAK SEHAT
69,27,33,135,25,TIDAK SEHAT
51,13,32,127,20,TIDAK SEHAT
52,13,32,129,19,TIDAK SEHAT
59,25,18,133,11,TIDAK SEHAT
69,27,34,137,26,TIDAK SEHAT
65,30,34,137,19,TIDAK SEHAT
58,16,22,141,6,TIDAK SEHAT
67,19,22,129,12,TIDAK SEHAT
64,18,28,133,18,TIDAK SEHAT
63,4,36,143,19,TIDAK SEHAT
64,17,21,139,7,TIDAK SEHAT
57,21,22,145,5,TIDAK SEHAT
64,12,31,138,18,TIDAK SEHAT
71,21,33,135,25,TIDAK SEHAT
67,27,33,139,21,TIDAK SEHAT
61,29,31,128,22,TIDAK SEHAT
65,34,29,135,21,TIDAK SEHAT
68,29,32,137,24,TIDAK SEHAT
65,16,21,140,7,TIDAK SEHAT
64,25,32,141,16,TIDAK SEHAT
53,13,32,131,18,TIDAK SEHAT
65,34,30,139,19,TIDAK SEHAT
64,28,32,142,16,TIDAK SEHAT
64,19,28,131,21,TIDAK SEHAT
63,20,21,139,6,TIDAK SEHAT
75,53,35,141,15,TIDAK SEHAT
57,18,22,140,6,TIDAK SEHAT
68,31,37,144,32,TIDAK SEHAT
61,16,21,141,6,TIDAK SEHAT
61,29,31,128,22,TIDAK SEHAT
56,19,23,149,5,TIDAK SEHAT
58,23,30,129,25,TIDAK SEHAT
70,24,34,134,23,TIDAK SEHAT
66,40,23,151,9,TIDAK SEHAT
73,26,37,141,27,TIDAK SEHAT
75,44,27,150,16,TIDAK SEHAT
75,49,28,143,20,TIDAK SEHAT
58,32,35,125,21,TIDAK SEHAT
58,29,32,133,19,TIDAK SEHAT
65,18,28,133,18,TIDAK SEHAT
65,26,34,143,17,TIDAK SEHAT
68,27,33,134,25,TIDAK SEHAT
56,18,23,146,5,TIDAK SEHAT
51,14,20,133,10,TIDAK SEHAT
56,16,22,140,6,TIDAK SEHAT
69,27,34,137,25,TIDAK SEHAT
62,17,29,133,18,TIDAK SEHAT
57,21,22,145,5,TIDAK SEHAT
56,39,19,147,4,TIDAK SEHAT
61,22,21,137,6,TIDAK SEHAT
65,36,28,139,19,TIDAK SEHAT
71,26,34,141,31,TIDAK SEHAT
62,21,21,138,6,TIDAK SEHAT
72,26,36,141,27,TIDAK SEHAT
67,29,34,135,21,TIDAK SEHAT
57,18,22,140,6,TIDAK SEHAT
67,19,30,132,18,TIDAK SEHAT
52,20,20,137,6,TIDAK SEHAT
55,28,31,129,21,TIDAK SEHAT
70,31,27,167,12,TIDAK SEHAT
64,2,34,140,19,TIDAK SEHAT
65,26,33,143,17,TIDAK SEHAT
58,36,20,159,4,TIDAK SEHAT
53,19,20,138,6,TIDAK SEHAT
70,34,29,149,15,TIDAK SEHAT
75,24,37,143,29,TIDAK SEHAT
68,30,32,137,24,TIDAK SEHAT
69,38,27,144,17,TIDAK SEHAT
69,27,33,136,25,TIDAK SEHAT
70,25,34,135,24,TIDAK SEHAT
56,17,20,143,9,TIDAK SEHAT
54,14,21,136,7,TIDAK SEHAT
64,30,34,138,18,TIDAK SEHAT
72,24,33,137,28,TIDAK SEHAT
61,19,20,139,7,TIDAK SEHAT
69,19,33,130,20,TIDAK SEHAT
76,53,32,142,17,TIDAK SEHAT
59,16,24,173,8,TIDAK SEHAT
70,25,34,131,23,TIDAK SEHAT
63,4,36,144,19,TIDAK SEHAT
59,24,24,181,6,TIDAK SEHAT
69,30,36,139,30,TIDAK SEHAT
69,29,33,131,24,TIDAK SEHAT
64,3,35,142,19,TIDAK SEHAT
64,2,34,140,19,TIDAK SEHAT
58,36,20,158,4,TIDAK SEHAT
75,26,38,142,27,TIDAK SEHAT
68,44,37,138,14,TIDAK SEHAT
70,28,34,133,25,TIDAK SEHAT
56,18,20,144,8,TIDAK SEHAT
56,15,31,133,18,TIDAK SEHAT
63,6,36,144,19,TIDAK SEHAT
70,20,33,133,22,TIDAK SEHAT
57,18,20,143,8,TIDAK SEHAT
61,22,21,137,6,TIDAK SEHAT
67,28,32,132,24,TIDAK SEHAT
56,19,23,148,5,TIDAK SEHAT
55,12,33,135,18,TIDAK SEHAT
77,51,27,145,19,TIDAK SEHAT
77,53,28,143,20,TIDAK SEHAT
64,29,31,142,16,TIDAK SEHAT
65,16,21,141,6,TIDAK SEHAT
51,22,19,136,6,TIDAK SEHAT
63,19,28,130,24,TIDAK SEHAT
52,23,19,136,6,TIDAK SEHAT
70,24,34,131,22,TIDAK SEHAT
51,20,19,135,6,TIDAK SEHAT
60,27,20,139,5,TIDAK SEHAT
57,18,20,143,8,TIDAK SEHAT
71,31,33,133,24,TIDAK SEHAT
56,13,20,135,8,TIDAK SEHAT
65,29,30,128,22,TIDAK SEHAT
72,23,33,137,28,TIDAK SEHAT
72,28,35,135,25,TIDAK SEHAT
64,28,33,141,16,TIDAK SEHAT
64,31,34,140,21,TIDAK SEHAT
70,25,34,131,23,TIDAK SEHAT
65,16,21,140,6,TIDAK SEHAT
63,3,35,142,19,TIDAK SEHAT
60,7,35,142,19,TIDAK SEHAT
72,39,27,149,16,TIDAK SEHAT
71,28,33,132,25,TIDAK SEHAT
59,20,22,143,5,TIDAK SEHAT
68,27,34,137,24,TIDAK SEHAT
72,23,33,137,28,TIDAK SEHAT
65,34,33,139,18,TIDAK SEHAT
75,24,37,142,29,TIDAK SEHAT
53,29,19,140,5,TIDAK SEHAT
58,18,20,142,8,TIDAK SEHAT
66,19,32,130,23,TIDAK SEHAT
60,16,22,141,6,TIDAK SEHAT
69,33,29,148,15,TIDAK SEHAT
64,30,33,139,17,TIDAK SEHAT
58,40,19,151,4,TIDAK SEHAT
63,11,35,144,18,TIDAK SEHAT
55,28,32,129,21,TIDAK SEHAT
62,31,33,125,22,TIDAK SEHAT
57,16,22,140,6,TIDAK SEHAT
62,5,36,143,19,TIDAK SEHAT
52,13,20,133,9,TIDAK SEHAT
68,29,32,130,24,TIDAK SEHAT
69,29,34,133,23,TIDAK SEHAT
54,14,31,133,18,TIDAK SEHAT
57,29,32,132,20,TIDAK SEHAT
64,30,31,131,21,TIDAK SEHAT
55,28,32,129,21,TIDAK SEHAT
69,29,36,144,34,TIDAK SEHAT
71,21,33,134,23,TIDAK SEHAT
62,5,36,144,19,TIDAK SEHAT
51,20,19,135,6,TIDAK SEHAT
61,16,20,142,7,TIDAK SEHAT
57,14,31,129,18,TIDAK SEHAT
67,30,34,135,21,TIDAK SEHAT
60,17,27,194,7,TIDAK SEHAT
74,25,39,146,26,TIDAK SEHAT
53,13,19,134,8,TIDAK SEHAT
61,17,29,133,18,TIDAK SEHAT
64,21,27,185,9,TIDAK SEHAT
70,25,33,137,26,TIDAK SEHAT
57,18,25,165,5,TIDAK SEHAT
61,11,31,178,12,TIDAK SEHAT
67,27,33,139,21,TIDAK SEHAT
76,53,30,142,19,TIDAK SEHAT
59,29,31,129,21,TIDAK SEHAT
54,14,31,133,18,TIDAK SEHAT
65,36,37,138,15,TIDAK SEHAT
51,23,19,136,6,TIDAK SEHAT
57,18,22,140,6,TIDAK SEHAT
56,18,21,146,7,TIDAK SEHAT
57,24,30,129,25,TIDAK SEHAT
59,20,21,139,6,TIDAK SEHAT
64,2,34,140,19,TIDAK SEHAT
52,23,19,136,6,TIDAK SEHAT
56,14,31,129,18,TIDAK SEHAT
64,29,31,142,16,TIDAK SEHAT
63,18,21,138,7,TIDAK SEHAT
66,33,32,142,17,TIDAK SEHAT
72,23,33,137,28,TIDAK SEHAT
71,26,33,134,26,TIDAK SEHAT
62,29,31,128,22,TIDAK SEHAT
71,27,33,133,25,TIDAK SEHAT
65,26,33,143,17,TIDAK SEHAT
59,22,22,142,5,TIDAK SEHAT
54,15,27,127,15,TIDAK SEHAT
76,46,27,148,17,TIDAK SEHAT
65,27,33,141,18,TIDAK SEHAT
57,31,34,125,21,TIDAK SEHAT
65,10,35,139,20,TIDAK SEHAT
55,27,32,127,22,TIDAK SEHAT
62,19,21,137,6,TIDAK SEHAT
70,28,34,134,25,TIDAK SEHAT
61,23,21,137,6,TIDAK SEHAT
65,35,36,138,16,TIDAK SEHAT
57,17,22,140,6,TIDAK SEHAT
70,42,27,140,20,TIDAK SEHAT
52,13,32,130,19,TIDAK SEHAT
52,17,19,134,7,TIDAK SEHAT
59,21,21,138,6,TIDAK SEHAT
69,26,36,144,21,TIDAK SEHAT
65,34,30,139,19,TIDAK SEHAT
76,48,27,147,18,TIDAK SEHAT
58,32,35,124,21,TIDAK SEHAT
55,14,31,131,18,TIDAK SEHAT
64,30,31,127,22,TIDAK SEHAT
60,16,29,133,18,TIDAK SEHAT
62,20,21,137,6,TIDAK SEHAT
66,2,33,138,18,TIDAK SEHAT
59,17,20,143,8,TIDAK SEHAT
59,21,20,140,7,TIDAK SEHAT
66,27,31,128,22,TIDAK SEHAT
73,27,39,146,32,TIDAK SEHAT
56,17,20,143,8,TIDAK SEHAT
58,41,19,149,4,TIDAK SEHAT
69,31,32,134,23,TIDAK SEHAT
55,14,21,138,7,TIDAK SEHAT
64,30,34,138,18,TIDAK SEHAT
68,30,31,137,23,TIDAK SEHAT
65,20,28,132,18,TIDAK SEHAT
72,23,33,137,28,TIDAK SEHAT
66,19,19,130,8,TIDAK SEHAT
61,14,20,138,7,TIDAK SEHAT
54,14,31,133,18,TIDAK SEHAT
63,19,21,137,7,TIDAK SEHAT
60,28,20,140,5,TIDAK SEHAT
62,20,21,137,6,TIDAK SEHAT
72,22,33,137,28,TIDAK SEHAT
63,38,24,142,14,TIDAK SEHAT
58,9,32,135,18,TIDAK SEHAT
59,22,21,141,5,TIDAK SEHAT
63,4,36,143,19,TIDAK SEHAT
69,21,33,132,19,TIDAK SEHAT
66,19,29,132,18,TIDAK SEHAT
75,24,37,142,29,TIDAK SEHAT
63,31,33,126,22,TIDAK SEHAT
64,30,32,133,20,TIDAK SEHAT
57,23,20,137,6,TIDAK SEHAT
71,35,28,149,15,TIDAK SEHAT
55,15,20,138,9,TIDAK SEHAT
54,14,31,131,17,TIDAK SEHAT
60,7,33,136,18,TIDAK SEHAT
54,13,20,134,8,TIDAK SEHAT
60,7,35,142,19,TIDAK SEHAT
56,18,23,145,5,TIDAK SEHAT
64,30,34,138,18,TIDAK SEHAT
70,38,27,145,17,TIDAK SEHAT
65,27,33,141,18,TIDAK SEHAT
72,23,33,137,28,TIDAK SEHAT
61,19,20,139,7,TIDAK SEHAT
57,10,33,137,18,TIDAK SEHAT
58,37,20,157,4,TIDAK SEHAT
59,18,20,140,8,TIDAK SEHAT
64,30,33,136,19,TIDAK SEHAT
60,19,20,139,7,TIDAK SEHAT
64,30,34,138,18,TIDAK SEHAT
53,30,19,141,5,TIDAK SEHAT
70,25,34,131,23,TIDAK SEHAT
54,33,19,143,4,TIDAK SEHAT
66,36,28,138,20,TIDAK SEHAT
67,17,19,131,8,TIDAK SEHAT
64,19,28,132,20,TIDAK SEHAT
69,27,33,136,25,TIDAK SEHAT
65,35,29,139,19,TIDAK SEHAT
54,13,20,134,8,TIDAK SEHAT
63,19,20,136,7,TIDAK SEHAT
70,23,34,131,21,TIDAK SEHAT
71,40,25,152,12,TIDAK SEHAT
69,34,29,148,15,TIDAK SEHAT
74,53,37,140,15,TIDAK SEHAT
55,15,22,138,6,TIDAK SEHAT
65,18,28,133,18,TIDAK SEHAT
54,13,20,134,8,TIDAK SEHAT
59,16,30,133,18,TIDAK SEHAT
64,37,26,140,16,TIDAK SEHAT
70,28,34,134,25,TIDAK SEHAT
53,19,21,138,6,TIDAK SEHAT
66,28,32,131,24,TIDAK SEHAT
60,40,22,145,9,TIDAK SEHAT
70,29,33,131,24,TIDAK SEHAT
62,24,29,128,26,TIDAK SEHAT
58,40,19,148,4,TIDAK SEHAT
59,17,22,139,6,TIDAK SEHAT
58,32,35,124,21,TIDAK SEHAT
64,30,34,138,19,TIDAK SEHAT
53,13,32,131,18,TIDAK SEHAT
56,17,20,143,8,TIDAK SEHAT
64,31,33,139,18,TIDAK SEHAT
62,29,31,128,22,TIDAK SEHAT
63,3,35,142,19,TIDAK SEHAT
58,29,32,133,19,TIDAK SEHAT
64,28,33,141,16,TIDAK SEHAT
55,28,31,129,21,TIDAK SEHAT
70,24,34,134,23,TIDAK SEHAT
54,13,20,136,8,TIDAK SEHAT
66,35,29,138,21,TIDAK SEHAT
64,18,21,138,7,TIDAK SEHAT
55,29,32,129,21,TIDAK SEHAT
70,25,34,135,24,TIDAK SEHAT
72,24,33,137,28,TIDAK SEHAT
64,19,28,131,22,TIDAK SEHAT
67,28,34,137,22,TIDAK SEHAT
56,19,23,149,5,TIDAK SEHAT
61,21,29,128,28,TIDAK SEHAT
63,15,29,125,18,TIDAK SEHAT
56,24,22,149,4,TIDAK SEHAT
59,26,18,131,13,TIDAK SEHAT
74,39,27,152,15,TIDAK SEHAT
67,19,30,132,18,TIDAK SEHAT
65,36,28,139,19,TIDAK SEHAT
71,28,33,132,25,TIDAK SEHAT
60,23,21,138,6,TIDAK SEHAT
62,4,33,138,18,TIDAK SEHAT
64,29,33,140,17,TIDAK SEHAT
59,34,19,144,4,TIDAK SEHAT
65,2,33,139,18,TIDAK SEHAT
71,21,33,135,25,TIDAK SEHAT
70,28,34,133,25,TIDAK SEHAT
65,22,30,137,17,TIDAK SEHAT
64,3,35,141,19,TIDAK SEHAT
58,20,22,145,5,TIDAK SEHAT
56,16,22,141,6,TIDAK SEHAT
68,30,32,137,24,TIDAK SEHAT
72,23,33,138,29,TIDAK SEHAT
70,40,24,151,11,TIDAK SEHAT
69,27,34,137,25,TIDAK SEHAT
63,19,21,139,6,TIDAK SEHAT
75,25,40,146,27,TIDAK SEHAT
65,32,30,131,22,TIDAK SEHAT
67,18,18,130,8,TIDAK SEHAT
70,28,34,132,25,TIDAK SEHAT
70,26,34,137,26,TIDAK SEHAT
60,27,20,139,5,TIDAK SEHAT
62,29,31,128,22,TIDAK SEHAT
63,19,34,143,17,TIDAK SEHAT
56,16,23,142,5,TIDAK SEHAT
64,29,31,141,17,TIDAK SEHAT
76,24,39,145,29,TIDAK SEHAT
56,16,23,143,5,TIDAK SEHAT
70,27,34,135,25,TIDAK SEHAT
72,22,33,137,28,TIDAK SEHAT
58,21,22,144,5,TIDAK SEHAT
72,23,33,137,28,TIDAK SEHAT
62,16,20,142,7,TIDAK SEHAT
57,17,22,140,6,TIDAK SEHAT
71,40,25,152,12,TIDAK SEHAT
61,6,33,137,18,TIDAK SEHAT
65,7,31,137,18,TIDAK SEHAT
70,28,34,134,25,TIDAK SEHAT
61,23,21,138,6,TIDAK SEHAT
64,30,31,127,22,TIDAK SEHAT
56,17,20,143,8,TIDAK SEHAT
62,20,21,137,6,TIDAK SEHAT
64,3,35,142,19,TIDAK SEHAT
52,20,20,137,6,TIDAK SEHAT
60,23,20,138,6,TIDAK SEHAT
53,13,32,131,18,TIDAK SEHAT
64,32,34,138,17,TIDAK SEHAT
69,19,32,131,19,TIDAK SEHAT
60,22,25,184,6,TIDAK SEHAT
65,27,33,141,17,TIDAK SEHAT
69,29,33,131,24,TIDAK SEHAT
52,25,19,137,5,TIDAK SEHAT
59,24,24,180,6,TIDAK SEHAT
62,20,21,137,6,TIDAK SEHAT
59,41,19,149,4,TIDAK SEHAT
59,29,32,134,19,TIDAK SEHAT
64,3,35,141,19,TIDAK SEHAT
64,14,31,137,18,TIDAK SEHAT
76,24,39,145,29,TIDAK SEHAT
54,14,20,136,9,TIDAK SEHAT
71,28,39,146,33,TIDAK SEHAT
67,17,19,133,8,TIDAK SEHAT
68,46,43,137,11,TIDAK SEHAT
63,19,28,130,24,TIDAK SEHAT
68,17,34,133,20,TIDAK SEHAT
71,28,33,132,25,TIDAK SEHAT
70,27,34,136,25,TIDAK SEHAT
57,25,30,129,24,TIDAK SEHAT
54,14,31,132,17,TIDAK SEHAT
55,14,21,138,7,TIDAK SEHAT
72,40,26,152,13,TIDAK SEHAT
60,21,25,185,6,TIDAK SEHAT
60,26,20,139,5,TIDAK SEHAT
72,26,36,140,26,TIDAK SEHAT
63,20,21,139,6,TIDAK SEHAT
64,28,32,142,16,TIDAK SEHAT
64,18,21,138,7,TIDAK SEHAT
65,17,29,134,18,TIDAK SEHAT
67,29,32,129,23,TIDAK SEHAT
76,49,27,147,18,TIDAK SEHAT
56,16,22,140,6,TIDAK SEHAT
61,19,28,129,28,TIDAK SEHAT
53,30,19,141,5,TIDAK SEHAT
65,3,33,139,18,TIDAK SEHAT
58,20,21,139,6,TIDAK SEHAT
57,31,34,125,21,TIDAK SEHAT
61,19,29,128,29,TIDAK SEHAT
73,39,27,150,15,TIDAK SEHAT
75,25,39,143,28,TIDAK SEHAT
64,29,31,127,23,TIDAK SEHAT
68,16,34,133,20,TIDAK SEHAT
70,27,34,135,25,TIDAK SEHAT
55,14,21,137,7,TIDAK SEHAT
60,23,21,138,6,TIDAK SEHAT
63,19,21,137,7,TIDAK SEHAT
65,25,33,140,16,TIDAK SEHAT
58,22,22,143,5,TIDAK SEHAT
72,23,33,137,28,TIDAK SEHAT
54,17,21,139,6,TIDAK SEHAT
51,24,19,136,5,TIDAK SEHAT
63,8,34,142,19,TIDAK SEHAT
65,35,28,136,20,TIDAK SEHAT
69,27,33,137,25,TIDAK SEHAT
65,19,28,132,19,TIDAK SEHAT
62,8,33,164,15,TIDAK SEHAT
64,29,33,140,17,TIDAK SEHAT
56,17,20,143,8,TIDAK SEHAT
